AccountNo;BetDate;ClassId;CategoryId;Source;BetCount;Bet_Amt;Win_Amt;Product;;;;AccountNo;Bet_Amt;Product;;AccountNo;Vegas;Sportsbook;Games;Casino;Poker;Bingo;#NV;Adjustments
01196ZZ   ;24/11/2012;22512_XFER;22512;I;189;29364;28947;Vegas;;;;01196ZZ   ;29364;Vegas;;01196ZZ   ; 89.861 ; 42.758 ; -   ; 1.262 ; -   ; -   ; -   ; -   
00357DG   ;27/11/2012;22512_XFER;22512;I;1415;19835;18639,15;Vegas;;;;00357DG   ;19835;Vegas;;00357DG   ; 191.805 ; 100 ; 16.900 ; 20 ; -   ; 50 ; -   ; 295 
00357DG   ;24/11/2012;22512_XFER;22512;I;2026;19280,8;17904,5;Vegas;;;;00357DG   ;19280,8;Vegas;;01284UW   ; -   ; 152.613 ; -   ; -   ; -   ; -   ; -   ; -   
01196ZZ   ;19/12/2012;22512_XFER;22512;I;151;17301;16956;Vegas;;;;01196ZZ   ;17301;Vegas;;01148BP   ; 7.030 ; 290.958 ; -   ; -   ; -   ; -   ; 500 ; -   
01284UW   ;21/10/2012;46;5;I;25;16850;3319,11;Sportsbook;;;;01284UW   ;16850;Sportsbook;;00497XG   ; -   ; -   ; 25.785 ; -   ; -   ; -   ; -   ; -   
00357DG   ;26/11/2012;22512_XFER;22512;I;1859;16078,5;12299,52;Vegas;;;;00357DG   ;16078,5;Vegas;;01152SJ   ; -   ; -   ; -   ; 43.494 ; 46.893 ; -   ; -   ; -   
00357DG   ;17/11/2012;22512_XFER;22512;I;1469;15204;14758,8;Vegas;;;;00357DG   ;15204;Vegas;;00C017    ; -   ; 200 ; -   ; -   ; 17.465 ; 2.143 ; -   ; -   
00357DG   ;30/11/2012;22512_XFER;22512;I;920;15000;10169,8;Vegas;;;;00357DG   ;15000;Vegas;;00J381    ; -   ; 36.855 ; -   ; -   ; -   ; -   ; 826 ; -   
01284UW   ;14/10/2012;46;5;I;25;13700;10781,59;Sportsbook;;;;01284UW   ;13700;Sportsbook;;00775SM   ; 118 ; 46 ; 141 ; 20 ; -   ; 993 ; -   ; -   
01284UW   ;16/10/2012;36;5;I;16;13655;20945,93;Sportsbook;;;;01284UW   ;13655;Sportsbook;;;;;;;;;;
01284UW   ;03/11/2012;46;5;I;87;13405,14;3500;Sportsbook;;;;01284UW   ;13405,14;Sportsbook;;;;;;;;;;
01284UW   ;10/10/2012;274;5;I;17;12370;0;Sportsbook;;;;01284UW   ;12370;Sportsbook;;;;;;;;;;
00357DG   ;15/11/2012;22512_XFER;22512;I;1152;12133;11300,9;Vegas;;;;00357DG   ;12133;Vegas;;;;;;;;;;
00357DG   ;28/11/2012;22512_XFER;22512;I;507;11614;8729,6;Vegas;;;;00357DG   ;11614;Vegas;;;;;;;;;;
00357DG   ;05/12/2012;22512_XFER;22512;I;557;11176;9751,6;Vegas;;;;00357DG   ;11176;Vegas;;;;;;;;;;
01196ZZ   ;15/12/2012;22512_XFER;22512;I;167;10896;10410;Vegas;;;;01196ZZ   ;10896;Vegas;;;;;;;;;;
01284UW   ;01/11/2012;46;5;I;34;10674,28;12210;Sportsbook;;;;01284UW   ;10674,28;Sportsbook;;;;;;;;;;
01196ZZ   ;28/11/2012;22512_XFER;22512;I;106;10011;8736;Vegas;;;;01196ZZ   ;10011;Vegas;;;;;;;;;;
01148BP   ;17/09/2012;2;9;I;30;9800;8200;Sportsbook;;;;01148BP   ;9800;Sportsbook;;;;;;;;;;
01148BP   ;17/11/2012;2;9;I;28;9252,5;15353,75;Sportsbook;;;;01148BP   ;9252,5;Sportsbook;;;;;;;;;;
00357DG   ;14/11/2012;22512_XFER;22512;I;1201;9154,2;7138,3;Vegas;;;;00357DG   ;9154,2;Vegas;;;;;;;;;;
01148BP   ;09/10/2012;2;9;I;33;9108,33;14245,83;Sportsbook;;;;01148BP   ;9108,33;Sportsbook;;;;;;;;;;
01196ZZ   ;08/12/2012;22512_XFER;22512;I;90;8815,5;8595;Vegas;;;;01196ZZ   ;8815,5;Vegas;;;;;;;;;;
00357DG   ;23/11/2012;22512_XFER;22512;I;998;8534;7082;Vegas;;;;00357DG   ;8534;Vegas;;;;;;;;;;
00357DG   ;12/11/2012;613;0;I;988;8472,6;8829,2;Games;;;;00357DG   ;8472,6;Games;;;;;;;;;;
01148BP   ;10/12/2012;2;9;I;22;7687,5;6587,5;Sportsbook;;;;01148BP   ;7687,5;Sportsbook;;;;;;;;;;
01148BP   ;18/10/2012;2;9;I;17;7625;4925;Sportsbook;;;;01148BP   ;7625;Sportsbook;;;;;;;;;;
01148BP   ;07/11/2012;2;9;I;18;7493,75;1593,75;Sportsbook;;;;01148BP   ;7493,75;Sportsbook;;;;;;;;;;
00497XG   ;27/12/2012;601;0;I;1190;7450,2;6870,91;Games;;;;00497XG   ;7450,2;Games;;;;;;;;;;
01148BP   ;21/10/2012;2;9;I;17;7450;2150;Sportsbook;;;;01148BP   ;7450;Sportsbook;;;;;;;;;;
01284UW   ;11/10/2012;36;5;I;8;7150;0;Sportsbook;;;;01284UW   ;7150;Sportsbook;;;;;;;;;;
00357DG   ;19/11/2012;22512_XFER;22512;I;1007;6918;3831,35;Vegas;;;;00357DG   ;6918;Vegas;;;;;;;;;;
01284UW   ;14/10/2012;274;5;I;9;6550;6453,33;Sportsbook;;;;01284UW   ;6550;Sportsbook;;;;;;;;;;
00357DG   ;12/11/2012;22512_XFER;22512;I;1042;6538;5236,3;Vegas;;;;00357DG   ;6538;Vegas;;;;;;;;;;
00357DG   ;20/11/2012;22512_XFER;22512;I;711;6529;3679,25;Vegas;;;;00357DG   ;6529;Vegas;;;;;;;;;;
01148BP   ;24/10/2012;2;9;I;18;6015,63;8737,52;Sportsbook;;;;01148BP   ;6015,63;Sportsbook;;;;;;;;;;
01148BP   ;02/10/2012;2;9;I;20;5915,65;5203,15;Sportsbook;;;;01148BP   ;5915,65;Sportsbook;;;;;;;;;;
01148BP   ;28/09/2012;2;9;I;19;5887,5;7300;Sportsbook;;;;01148BP   ;5887,5;Sportsbook;;;;;;;;;;
01148BP   ;17/10/2012;2;9;I;19;5800;6605;Sportsbook;;;;01148BP   ;5800;Sportsbook;;;;;;;;;;
01148BP   ;27/11/2012;22512_XFER;22512;I;68;5760;6030;Vegas;;;;01148BP   ;5760;Vegas;;;;;;;;;;
00357DG   ;08/11/2012;22512_XFER;22512;I;1482;5652,4;3412,6;Vegas;;;;00357DG   ;5652,4;Vegas;;;;;;;;;;
01148BP   ;05/12/2012;2;9;I;17;5600;4200;Sportsbook;;;;01148BP   ;5600;Sportsbook;;;;;;;;;;
01148BP   ;16/09/2012;2;9;I;21;5560,18;5726,25;Sportsbook;;;;01148BP   ;5560,18;Sportsbook;;;;;;;;;;
01152SJ   ;01/12/2012;22528_PRCH;22528;I;3;5451,3013;0;Casino;;;;01152SJ   ;5451,3013;Casino;;;;;;;;;;
01148BP   ;01/12/2012;2;9;I;15;5350;7350;Sportsbook;;;;01148BP   ;5350;Sportsbook;;;;;;;;;;
01148BP   ;09/12/2012;2;9;I;14;5293,75;5393,75;Sportsbook;;;;01148BP   ;5293,75;Sportsbook;;;;;;;;;;
01284UW   ;31/10/2012;1;5;I;35;5290;5720;Sportsbook;;;;01284UW   ;5290;Sportsbook;;;;;;;;;;
01148BP   ;20/09/2012;2;9;I;17;5250;5550;Sportsbook;;;;01148BP   ;5250;Sportsbook;;;;;;;;;;
01148BP   ;25/10/2012;2;9;I;16;5219,59;6857,42;Sportsbook;;;;01148BP   ;5219,59;Sportsbook;;;;;;;;;;
00357DG   ;29/11/2012;22512_XFER;22512;I;323;5018;2367,3;Vegas;;;;00357DG   ;5018;Vegas;;;;;;;;;;
01148BP   ;03/10/2012;2;9;I;21;4987,5;1975;Sportsbook;;;;01148BP   ;4987,5;Sportsbook;;;;;;;;;;
01196ZZ   ;20/10/2012;3;8;I;25;4585;3448,75;Sportsbook;;;;01196ZZ   ;4585;Sportsbook;;;;;;;;;;
01148BP   ;19/11/2012;2;9;I;15;4491,15;4925;Sportsbook;;;;01148BP   ;4491,15;Sportsbook;;;;;;;;;;
01148BP   ;06/11/2012;2;9;I;11;4462,5;6487,5;Sportsbook;;;;01148BP   ;4462,5;Sportsbook;;;;;;;;;;
01148BP   ;14/09/2012;2;9;I;17;4460;9228,13;Sportsbook;;;;01148BP   ;4460;Sportsbook;;;;;;;;;;
01148BP   ;01/11/2012;2;9;I;10;4390;840;Sportsbook;;;;01148BP   ;4390;Sportsbook;;;;;;;;;;
01148BP   ;20/11/2012;2;9;I;11;4300;1550;Sportsbook;;;;01148BP   ;4300;Sportsbook;;;;;;;;;;
01196ZZ   ;29/09/2012;2;9;I;20;4290;1825;Sportsbook;;;;01196ZZ   ;4290;Sportsbook;;;;;;;;;;
01196ZZ   ;13/12/2012;22512_XFER;22512;I;39;4265;5940;Vegas;;;;01196ZZ   ;4265;Vegas;;;;;;;;;;
01148BP   ;11/12/2012;2;9;I;11;4240;1840;Sportsbook;;;;01148BP   ;4240;Sportsbook;;;;;;;;;;
01148BP   ;02/11/2012;2;9;I;8;4237,5;5387,5;Sportsbook;;;;01148BP   ;4237,5;Sportsbook;;;;;;;;;;
01152SJ   ;17/10/2012;22527_PRCH;22527;I;6;4234,6494;0;Poker;;;;01152SJ   ;4234,6494;Poker;;;;;;;;;;
00357DG   ;06/11/2012;22512_XFER;22512;I;1056;4113;3992,2;Vegas;;;;00357DG   ;4113;Vegas;;;;;;;;;;
01148BP   ;16/11/2012;2;9;I;11;4106,25;6156,25;Sportsbook;;;;01148BP   ;4106,25;Sportsbook;;;;;;;;;;
01148BP   ;26/10/2012;2;9;I;12;4062,5;3187,5;Sportsbook;;;;01148BP   ;4062,5;Sportsbook;;;;;;;;;;
00497XG   ;24/12/2012;638;0;I;1797;4031,29;3325,75;Games;;;;00497XG   ;4031,29;Games;;;;;;;;;;
01148BP   ;08/11/2012;2;9;I;14;4020,31;4564,06;Sportsbook;;;;01148BP   ;4020,31;Sportsbook;;;;;;;;;;
00497XG   ;25/12/2012;638;0;I;1198;3938,31;2457,3;Games;;;;00497XG   ;3938,31;Games;;;;;;;;;;
01148BP   ;11/09/2012;2;9;I;15;3825;4625;Sportsbook;;;;01148BP   ;3825;Sportsbook;;;;;;;;;;
01148BP   ;27/10/2012;2;9;I;14;3802,5;3302,5;Sportsbook;;;;01148BP   ;3802,5;Sportsbook;;;;;;;;;;
01148BP   ;19/10/2012;2;9;I;9;3800;7237,5;Sportsbook;;;;01148BP   ;3800;Sportsbook;;;;;;;;;;
01284UW   ;20/10/2012;1;5;I;7;3780;0;Sportsbook;;;;01284UW   ;3780;Sportsbook;;;;;;;;;;
01148BP   ;23/11/2012;2;9;I;10;3681,25;5431,25;Sportsbook;;;;01148BP   ;3681,25;Sportsbook;;;;;;;;;;
01196ZZ   ;23/12/2012;22512_XFER;22512;I;38;3660;3510;Vegas;;;;01196ZZ   ;3660;Vegas;;;;;;;;;;
01148BP   ;09/11/2012;2;9;I;10;3643,75;2800;Sportsbook;;;;01148BP   ;3643,75;Sportsbook;;;;;;;;;;
01148BP   ;27/09/2012;2;9;I;12;3638;6000;Sportsbook;;;;01148BP   ;3638;Sportsbook;;;;;;;;;;
01148BP   ;10/10/2012;2;9;I;10;3595,45;1495,45;Sportsbook;;;;01148BP   ;3595,45;Sportsbook;;;;;;;;;;
01284UW   ;10/10/2012;36;5;I;9;3550;0;Sportsbook;;;;01284UW   ;3550;Sportsbook;;;;;;;;;;
01152SJ   ;03/12/2012;22528_PRCH;22528;I;2;3497,377;0;Casino;;;;01152SJ   ;3497,377;Casino;;;;;;;;;;
01148BP   ;01/09/2012;2;9;N;6;3470;1320;Sportsbook;;;;01148BP   ;3470;Sportsbook;;;;;;;;;;
01152SJ   ;01/12/2012;22527_PRCH;22527;I;2;3370,3864;0;Poker;;;;01152SJ   ;3370,3864;Poker;;;;;;;;;;
01284UW   ;31/10/2012;46;5;I;36;3315;960;Sportsbook;;;;01284UW   ;3315;Sportsbook;;;;;;;;;;
00357DG   ;22/11/2012;22512_XFER;22512;I;340;3310;2005;Vegas;;;;00357DG   ;3310;Vegas;;;;;;;;;;
00497XG   ;27/12/2012;638;0;I;1230;3295,93;2748,83;Games;;;;00497XG   ;3295,93;Games;;;;;;;;;;
01148BP   ;12/12/2012;2;9;I;11;3275;2275;Sportsbook;;;;01148BP   ;3275;Sportsbook;;;;;;;;;;
00357DG   ;10/11/2012;22512_XFER;22512;I;826;3192;2335;Vegas;;;;00357DG   ;3192;Vegas;;;;;;;;;;
01284UW   ;12/10/2012;36;5;I;12;3180;25348,33;Sportsbook;;;;01284UW   ;3180;Sportsbook;;;;;;;;;;
00357DG   ;05/11/2012;22512_XFER;22512;I;709;3158;3208,1;Vegas;;;;00357DG   ;3158;Vegas;;;;;;;;;;
01148BP   ;08/12/2012;2;9;M;11;3150;5100;Sportsbook;;;;01148BP   ;3150;Sportsbook;;;;;;;;;;
01284UW   ;30/10/2012;46;5;I;25;3145;2380;Sportsbook;;;;01284UW   ;3145;Sportsbook;;;;;;;;;;
01148BP   ;20/11/2012;3;8;I;8;3137,5;1687,5;Sportsbook;;;;01148BP   ;3137,5;Sportsbook;;;;;;;;;;
01148BP   ;03/12/2012;2;9;I;7;2860;3293,75;Sportsbook;;;;01148BP   ;2860;Sportsbook;;;;;;;;;;
01148BP   ;31/10/2012;2;9;I;7;2800;3000;Sportsbook;;;;01148BP   ;2800;Sportsbook;;;;;;;;;;
01196ZZ   ;23/10/2012;2;9;I;11;2760;2000;Sportsbook;;;;01196ZZ   ;2760;Sportsbook;;;;;;;;;;
00497XG   ;26/12/2012;638;0;I;986;2742,5;1674,6;Games;;;;00497XG   ;2742,5;Games;;;;;;;;;;
01148BP   ;07/12/2012;2;9;M;7;2700;4950;Sportsbook;;;;01148BP   ;2700;Sportsbook;;;;;;;;;;
01284UW   ;14/10/2012;36;5;I;7;2700;0;Sportsbook;;;;01284UW   ;2700;Sportsbook;;;;;;;;;;
01196ZZ   ;23/09/2012;2;9;I;14;2650;1800;Sportsbook;;;;01196ZZ   ;2650;Sportsbook;;;;;;;;;;
01284UW   ;15/10/2012;36;5;I;6;2600;0;Sportsbook;;;;01284UW   ;2600;Sportsbook;;;;;;;;;;
01148BP   ;21/09/2012;2;9;I;8;2550;1550;Sportsbook;;;;01148BP   ;2550;Sportsbook;;;;;;;;;;
01148BP   ;15/10/2012;2;9;I;8;2540;1877,5;Sportsbook;;;;01148BP   ;2540;Sportsbook;;;;;;;;;;
01148BP   ;20/10/2012;2;9;N;7;2536,72;4839,22;Sportsbook;;;;01148BP   ;2536,72;Sportsbook;;;;;;;;;;
01148BP   ;05/09/2012;2;9;I;13;2525;3065,63;Sportsbook;;;;01148BP   ;2525;Sportsbook;;;;;;;;;;
01148BP   ;19/11/2012;3;8;I;7;2500;3200;Sportsbook;;;;01148BP   ;2500;Sportsbook;;;;;;;;;;
01284UW   ;21/10/2012;274;5;I;2;2500;0;Sportsbook;;;;01284UW   ;2500;Sportsbook;;;;;;;;;;
00357DG   ;09/11/2012;22512_XFER;22512;I;619;2428;2557,6;Vegas;;;;00357DG   ;2428;Vegas;;;;;;;;;;
01148BP   ;16/10/2012;2;9;I;7;2393,75;7331,25;Sportsbook;;;;01148BP   ;2393,75;Sportsbook;;;;;;;;;;
01152SJ   ;25/10/2012;22528_PRCH;22528;I;2;2377,08;0;Casino;;;;01152SJ   ;2377,08;Casino;;;;;;;;;;
01152SJ   ;14/10/2012;22528_PRCH;22528;I;2;2365,0121;0;Casino;;;;01152SJ   ;2365,0121;Casino;;;;;;;;;;
01152SJ   ;25/10/2012;22527_PRCH;22527;I;2;2313,7433;0;Poker;;;;01152SJ   ;2313,7433;Poker;;;;;;;;;;
01148BP   ;19/12/2012;2;9;I;8;2275;1525;Sportsbook;;;;01148BP   ;2275;Sportsbook;;;;;;;;;;
01196ZZ   ;19/11/2012;2;9;I;13;2223;1848,73;Sportsbook;;;;01196ZZ   ;2223;Sportsbook;;;;;;;;;;
01148BP   ;29/09/2012;2;9;M;5;2200;900;Sportsbook;;;;01148BP   ;2200;Sportsbook;;;;;;;;;;
01152SJ   ;16/10/2012;22527_PRCH;22527;I;5;2177,5649;0;Poker;;;;01152SJ   ;2177,5649;Poker;;;;;;;;;;
01148BP   ;30/11/2012;2;9;I;7;2162,5;3912,5;Sportsbook;;;;01148BP   ;2162,5;Sportsbook;;;;;;;;;;
01152SJ   ;16/10/2012;22528_PRCH;22528;I;1;2115,3487;0;Casino;;;;01152SJ   ;2115,3487;Casino;;;;;;;;;;
01196ZZ   ;17/10/2012;2;9;I;14;2112;557,05;Sportsbook;;;;01196ZZ   ;2112;Sportsbook;;;;;;;;;;
01196ZZ   ;08/12/2012;2;9;I;16;2030;3475,5;Sportsbook;;;;01196ZZ   ;2030;Sportsbook;;;;;;;;;;
01148BP   ;26/11/2012;2;9;I;7;2020;3820;Sportsbook;;;;01148BP   ;2020;Sportsbook;;;;;;;;;;
01148BP   ;18/09/2012;2;9;I;6;2008;0;Sportsbook;;;;01148BP   ;2008;Sportsbook;;;;;;;;;;
01148BP   ;23/10/2012;2;9;I;5;2000;0;Sportsbook;;;;01148BP   ;2000;Sportsbook;;;;;;;;;;
01148BP   ;13/11/2012;2;9;I;7;2000;1837,5;Sportsbook;;;;01284UW   ;1985;Sportsbook;;;;;;;;;;
01284UW   ;02/11/2012;46;5;I;11;1985;2325,56;Sportsbook;;;;01284UW   ;1980;Sportsbook;;;;;;;;;;
01284UW   ;30/10/2012;1;5;I;14;1980;2800;Sportsbook;;;;01152SJ   ;1948,2058;Poker;;;;;;;;;;
01152SJ   ;08/09/2012;22527_PRCH;22527;I;2;1948,2058;0;Poker;;;;01148BP   ;1900;Sportsbook;;;;;;;;;;
01148BP   ;12/09/2012;2;9;I;9;1900;3300;Sportsbook;;;;01152SJ   ;1873,5948;Poker;;;;;;;;;;
01152SJ   ;03/12/2012;22527_PRCH;22527;I;1;1873,5948;0;Poker;;;;01152SJ   ;1870,4408;Casino;;;;;;;;;;
01152SJ   ;09/12/2012;22528_PRCH;22528;I;2;1870,4408;0;Casino;;;;01152SJ   ;1859,6764;Poker;;;;;;;;;;
01152SJ   ;28/12/2012;22527_PRCH;22527;I;1;1859,6764;0;Poker;;;;01148BP   ;1850;Sportsbook;;;;;;;;;;
01148BP   ;10/11/2012;2;9;I;7;1850;2400;Sportsbook;;;;00357DG   ;1835;Vegas;;;;;;;;;;
00357DG   ;13/11/2012;22512_XFER;22512;I;242;1835;1662,5;Vegas;;;;01148BP   ;1812,5;Sportsbook;;;;;;;;;;
01148BP   ;22/10/2012;2;9;I;7;1812,5;562,5;Sportsbook;;;;01148BP   ;1800;Sportsbook;;;;;;;;;;
01148BP   ;01/10/2012;2;9;I;5;1800;3125;Sportsbook;;;;01196ZZ   ;1800;Sportsbook;;;;;;;;;;
01196ZZ   ;20/11/2012;2;9;I;5;1800;0;Sportsbook;;;;01152SJ   ;1796,4444;Poker;;;;;;;;;;
01152SJ   ;19/10/2012;22527_PRCH;22527;I;6;1796,4444;0;Poker;;;;01152SJ   ;1785,2668;Casino;;;;;;;;;;
01152SJ   ;09/09/2012;22528_PRCH;22528;I;4;1785,2668;0;Casino;;;;01196ZZ   ;1770;Sportsbook;;;;;;;;;;
01196ZZ   ;17/11/2012;2;9;I;9;1770;4270,5;Sportsbook;;;;01152SJ   ;1743,6792;Casino;;;;;;;;;;
01152SJ   ;17/10/2012;22528_PRCH;22528;I;1;1743,6792;0;Casino;;;;01148BP   ;1737,5;Sportsbook;;;;;;;;;;
01148BP   ;29/10/2012;2;9;I;6;1737,5;1806,25;Sportsbook;;;;01152SJ   ;1705,9773;Poker;;;;;;;;;;
01152SJ   ;20/10/2012;22527_PRCH;22527;I;6;1705,9773;0;Poker;;;;01148BP   ;1700,13;Sportsbook;;;;;;;;;;
01148BP   ;15/09/2012;2;9;I;8;1700,13;0;Sportsbook;;;;01148BP   ;1700;Sportsbook;;;;;;;;;;
01148BP   ;11/10/2012;2;9;I;6;1700;0;Sportsbook;;;;01284UW   ;1700;Sportsbook;;;;;;;;;;
01284UW   ;20/10/2012;46;5;I;7;1700;0;Sportsbook;;;;01148BP   ;1680;Sportsbook;;;;;;;;;;
01148BP   ;17/10/2012;2;9;N;4;1680;0;Sportsbook;;;;01152SJ   ;1644,7409;Poker;;;;;;;;;;
01152SJ   ;09/12/2012;22527_PRCH;22527;I;2;1644,7409;0;Poker;;;;00357DG   ;1640;Games;;;;;;;;;;
00357DG   ;12/11/2012;612;0;I;351;1640;1325,25;Games;;;;01148BP   ;1640;Sportsbook;;;;;;;;;;
01148BP   ;15/09/2012;2;9;M;5;1640;1640;Sportsbook;;;;01148BP   ;1600;Sportsbook;;;;;;;;;;
01148BP   ;02/12/2012;2;9;I;5;1600;2450;Sportsbook;;;;01148BP   ;1595;Sportsbook;;;;;;;;;;
01148BP   ;18/10/2012;3;8;I;4;1595;2745;Sportsbook;;;;00357DG   ;1580;Vegas;;;;;;;;;;
00357DG   ;02/11/2012;22512_XFER;22512;I;437;1580;1337,1;Vegas;;;;01152SJ   ;1562,0119;Poker;;;;;;;;;;
01152SJ   ;30/11/2012;22527_PRCH;22527;I;1;1562,0119;0;Poker;;;;01152SJ   ;1557,7677;Poker;;;;;;;;;;
01152SJ   ;15/10/2012;22527_PRCH;22527;I;2;1557,7677;0;Poker;;;;01284UW   ;1554;Sportsbook;;;;;;;;;;
01284UW   ;23/12/2012;46;5;I;33;1554;1369,69;Sportsbook;;;;01148BP   ;1550;Sportsbook;;;;;;;;;;
01148BP   ;22/09/2012;2;9;I;5;1550;0;Sportsbook;;;;00497XG   ;1540,05;Games;;;;;;;;;;
01148BP   ;03/11/2012;2;9;I;3;1550;0;Sportsbook;;;;01152SJ   ;1516,7794;Casino;;;;;;;;;;
00497XG   ;30/12/2012;638;0;I;617;1540,05;1295,26;Games;;;;00C017    ;1500;Poker;;;;;;;;;;
01152SJ   ;01/09/2012;22528_PRCH;22528;I;3;1516,7794;0;Casino;;;;01148BP   ;1500;Sportsbook;;;;;;;;;;
00C017    ;23/11/2012;22527_PRCH;22527;I;4;1500;0;Poker;;;;01152SJ   ;1479,4054;Casino;;;;;;;;;;
01148BP   ;23/11/2012;2;9;N;4;1500;900;Sportsbook;;;;01148BP   ;1450;Sportsbook;;;;;;;;;;
01152SJ   ;04/10/2012;22528_PRCH;22528;I;3;1479,4054;0;Casino;;;;01152SJ   ;1436,9968;Poker;;;;;;;;;;
01148BP   ;07/09/2012;2;9;I;4;1450;0;Sportsbook;;;;01196ZZ   ;1414;Sportsbook;;;;;;;;;;
01148BP   ;07/12/2012;2;9;N;2;1450;2200;Sportsbook;;;;01196ZZ   ;1412;Sportsbook;;;;;;;;;;
01152SJ   ;02/12/2012;22527_PRCH;22527;I;1;1436,9968;0;Poker;;;;01148BP   ;1408,13;Sportsbook;;;;;;;;;;
01196ZZ   ;17/11/2012;3;8;I;9;1414;550;Sportsbook;;;;01148BP   ;1400;Sportsbook;;;;;;;;;;
01196ZZ   ;24/11/2012;2;9;I;12;1412;406,5;Sportsbook;;;;01196ZZ   ;1400;Vegas;;;;;;;;;;
01148BP   ;18/11/2012;2;9;I;5;1408,13;1556,88;Sportsbook;;;;01152SJ   ;1355,7315;Casino;;;;;;;;;;
01148BP   ;06/09/2012;2;9;I;4;1400;0;Sportsbook;;;;01196ZZ   ;1348;Sportsbook;;;;;;;;;;
01196ZZ   ;17/12/2012;22512_XFER;22512;I;16;1400;900;Vegas;;;;01148BP   ;1337,5;Sportsbook;;;;;;;;;;
01152SJ   ;10/12/2012;22528_PRCH;22528;I;1;1355,7315;0;Casino;;;;01148BP   ;1315;Sportsbook;;;;;;;;;;
01196ZZ   ;15/10/2012;2;9;I;5;1348;3773,25;Sportsbook;;;;01152SJ   ;1309,9826;Poker;;;;;;;;;;
01148BP   ;21/11/2012;2;9;I;3;1337,5;900;Sportsbook;;;;01152SJ   ;1306,1579;Casino;;;;;;;;;;
01148BP   ;20/10/2012;2;9;I;5;1315;1275;Sportsbook;;;;01148BP   ;1300;Sportsbook;;;;;;;;;;
01152SJ   ;08/12/2012;22527_PRCH;22527;I;1;1309,9826;0;Poker;;;;01148BP   ;1275;Sportsbook;;;;;;;;;;
01152SJ   ;18/10/2012;22528_PRCH;22528;I;5;1306,1579;0;Casino;;;;01148BP   ;1270;Vegas;;;;;;;;;;
01148BP   ;05/12/2012;2;9;N;3;1300;3600;Sportsbook;;;;01152SJ   ;1261,1322;Poker;;;;;;;;;;
01148BP   ;01/10/2012;2;9;N;4;1275;550;Sportsbook;;;;01148BP   ;1250;Sportsbook;;;;;;;;;;
01148BP   ;26/11/2012;22512_XFER;22512;I;25;1270;1200;Vegas;;;;00C017    ;1230;Poker;;;;;;;;;;
01152SJ   ;14/10/2012;22527_PRCH;22527;I;2;1261,1322;0;Poker;;;;01196ZZ   ;1225,6;Vegas;;;;;;;;;;
01148BP   ;05/10/2012;2;9;I;9;1250;650;Sportsbook;;;;01148BP   ;1225;Sportsbook;;;;;;;;;;
00C017    ;21/12/2012;22527_PRCH;22527;I;5;1230;0;Poker;;;;00J381    ;1200;Sportsbook;;;;;;;;;;
01196ZZ   ;23/10/2012;22512_XFER;22512;I;613;1225,6;901,1;Vegas;;;;01148BP   ;1200;Sportsbook;;;;;;;;;;
01148BP   ;27/10/2012;2;9;M;3;1225;0;Sportsbook;;;;01196ZZ   ;1200;Sportsbook;;;;;;;;;;
00J381    ;06/12/2012;2;9;M;7;1200;500;Sportsbook;;;;01284UW   ;1200;Sportsbook;;;;;;;;;;
01148BP   ;24/11/2012;2;9;I;4;1200;0;Sportsbook;;;;01152SJ   ;1181,1464;Casino;;;;;;;;;;
01196ZZ   ;17/10/2012;3;8;I;10;1200;1425;Sportsbook;;;;00497XG   ;1180,12;Games;;;;;;;;;;
01196ZZ   ;16/11/2012;2;9;I;3;1200;0;Sportsbook;;;;00J381    ;1165;Sportsbook;;;;;;;;;;
01284UW   ;11/10/2012;46;5;I;1;1200;0;Sportsbook;;;;01148BP   ;1150;Sportsbook;;;;;;;;;;
01152SJ   ;07/12/2012;22528_PRCH;22528;I;1;1181,1464;0;Casino;;;;00357DG   ;1134;Games;;;;;;;;;;
00497XG   ;31/12/2012;638;0;I;817;1180,12;590,33;Games;;;;01148BP   ;1132,42;Sportsbook;;;;;;;;;;
00J381    ;03/10/2012;2;9;M;9;1165;1725;Sportsbook;;;;00497XG   ;1130,8;Games;;;;;;;;;;
01148BP   ;23/11/2012;2;9;M;4;1150;1000;Sportsbook;;;;01196ZZ   ;1130;Sportsbook;;;;;;;;;;
00357DG   ;15/11/2012;635;0;I;204;1134;918,5;Games;;;;01148BP   ;1125;Sportsbook;;;;;;;;;;
01148BP   ;25/10/2012;2;9;N;3;1132,42;0;Sportsbook;;;;01284UW   ;1125;Sportsbook;;;;;;;;;;
00497XG   ;31/12/2012;601;0;I;256;1130,8;912,28;Games;;;;01152SJ   ;1121,0344;Poker;;;;;;;;;;
01196ZZ   ;23/10/2012;3;8;I;5;1130;1350;Sportsbook;;;;01152SJ   ;1119,2637;Poker;;;;;;;;;;
01148BP   ;08/09/2012;2;9;I;7;1125;525;Sportsbook;;;;00357DG   ;1114,75;Games;;;;;;;;;;
01284UW   ;04/11/2012;46;5;I;41;1125;996;Sportsbook;;;;01152SJ   ;1105,4211;Casino;;;;;;;;;;
01152SJ   ;04/12/2012;22527_PRCH;22527;I;13;1121,0344;0;Poker;;;;01152SJ   ;1060,9748;Casino;;;;;;;;;;
01152SJ   ;04/11/2012;22527_PRCH;22527;I;9;1119,2637;0;Poker;;;;01152SJ   ;1060,8424;Casino;;;;;;;;;;
00357DG   ;13/11/2012;613;0;I;182;1114,75;649,15;Games;;;;01196ZZ   ;1050;Sportsbook;;;;;;;;;;
01152SJ   ;04/12/2012;22528_PRCH;22528;I;5;1105,4211;0;Casino;;;;01196ZZ   ;1047;Sportsbook;;;;;;;;;;
01152SJ   ;13/10/2012;22528_PRCH;22528;I;1;1060,9748;0;Casino;;;;01284UW   ;1030;Sportsbook;;;;;;;;;;
01152SJ   ;05/11/2012;22528_PRCH;22528;I;1;1060,8424;0;Casino;;;;01284UW   ;1025;Sportsbook;;;;;;;;;;
01196ZZ   ;20/10/2012;2;9;I;7;1050;0;Sportsbook;;;;01152SJ   ;1024,3583;Poker;;;;;;;;;;
01196ZZ   ;15/10/2012;3;8;I;6;1047;700;Sportsbook;;;;00J381    ;1015,78;Sportsbook;;;;;;;;;;
01284UW   ;22/10/2012;46;5;I;3;1030;0;Sportsbook;;;;01152SJ   ;1013,6139;Casino;;;;;;;;;;
01284UW   ;23/10/2012;275;5;I;6;1025;0;Sportsbook;;;;01148BP   ;1006,25;Sportsbook;;;;;;;;;;
01152SJ   ;18/10/2012;22527_PRCH;22527;I;3;1024,3583;0;Poker;;;;01152SJ   ;1002,2551;Poker;;;;;;;;;;
00J381    ;30/09/2012;2;9;M;6;1015,78;3547,1;Sportsbook;;;;01148BP   ;1000;Sportsbook;;;;;;;;;;
01152SJ   ;26/12/2012;22528_PRCH;22528;I;2;1013,6139;0;Casino;;;;01196ZZ   ;1000;Sportsbook;;;;;;;;;;
01148BP   ;12/10/2012;2;9;I;5;1006,25;506,25;Sportsbook;;;;01284UW   ;1000;Sportsbook;;;;;;;;;;
01152SJ   ;09/09/2012;22527_PRCH;22527;I;1;1002,2551;0;Poker;;;;01196ZZ   ;977;Sportsbook;;;;;;;;;;
01148BP   ;28/09/2012;2;9;M;2;1000;0;Sportsbook;;;;00C017    ;950;Poker;;;;;;;;;;
01148BP   ;27/11/2012;2;9;I;3;1000;0;Sportsbook;;;;01196ZZ   ;950;Vegas;;;;;;;;;;
01148BP   ;12/12/2012;2;9;N;1;1000;0;Sportsbook;;;;01152SJ   ;933,8098;Casino;;;;;;;;;;
01148BP   ;26/12/2012;2;9;N;2;1000;0;Sportsbook;;;;01148BP   ;912,5;Sportsbook;;;;;;;;;;
01196ZZ   ;23/09/2012;3;8;I;6;1000;2850;Sportsbook;;;;00357DG   ;907;Games;;;;;;;;;;
01284UW   ;19/10/2012;46;5;I;2;1000;0;Sportsbook;;;;00C017    ;900;Poker;;;;;;;;;;
01196ZZ   ;27/10/2012;2;9;I;19;977;563;Sportsbook;;;;00J381    ;900;Sportsbook;;;;;;;;;;
00C017    ;29/12/2012;22527_PRCH;22527;I;4;950;0;Poker;;;;01148BP   ;900;Sportsbook;;;;;;;;;;
01196ZZ   ;06/12/2012;22512_XFER;22512;I;12;950;1440;Vegas;;;;01152SJ   ;870,0242;Poker;;;;;;;;;;
01152SJ   ;14/09/2012;22528_PRCH;22528;I;10;933,8098;0;Casino;;;;00C017    ;870;Poker;;;;;;;;;;
01148BP   ;30/10/2012;2;9;I;4;912,5;3143,75;Sportsbook;;;;00J381    ;863,13;Sportsbook;;;;;;;;;;
00357DG   ;20/11/2012;635;0;I;178;907;681,8;Games;;;;01152SJ   ;859,7509;Casino;;;;;;;;;;
00C017    ;30/11/2012;22527_PRCH;22527;I;7;900;0;Poker;;;;00J381    ;856,25;Sportsbook;;;;;;;;;;
00J381    ;16/09/2012;2;9;M;4;900;900;Sportsbook;;;;00C017    ;855;Poker;;;;;;;;;;
01148BP   ;18/10/2012;2;9;N;3;900;1050;Sportsbook;;;;01284UW   ;840;Sportsbook;;;;;;;;;;
01148BP   ;21/10/2012;2;9;M;2;900;0;Sportsbook;;;;01148BP   ;837,5;Sportsbook;;;;;;;;;;
01148BP   ;04/12/2012;2;9;M;3;900;750;Sportsbook;;;;01148BP   ;825;Sportsbook;;;;;;;;;;
01152SJ   ;07/12/2012;22527_PRCH;22527;I;1;870,0242;0;Poker;;;;01152SJ   ;824,8574;Poker;;;;;;;;;;
00C017    ;25/11/2012;22527_PRCH;22527;I;2;870;0;Poker;;;;01148BP   ;818;Sportsbook;;;;;;;;;;
00J381    ;28/09/2012;2;9;M;6;863,13;0;Sportsbook;;;;01196ZZ   ;814,8;Vegas;;;;;;;;;;
01152SJ   ;26/09/2012;22528_PRCH;22528;I;3;859,7509;0;Casino;;;;01284UW   ;810;Sportsbook;;;;;;;;;;
00J381    ;28/12/2012;323;9;M;3;856,25;0;Sportsbook;;;;01152SJ   ;806,0617;Poker;;;;;;;;;;
00C017    ;28/11/2012;22527_PRCH;22527;I;3;855;0;Poker;;;;00C017    ;800;Poker;;;;;;;;;;
01284UW   ;22/12/2012;1;5;I;53;840;376,79;Sportsbook;;;;00J381    ;800;Sportsbook;;;;;;;;;;
01148BP   ;14/11/2012;2;9;I;4;837,5;0;Sportsbook;;;;01148BP   ;800;Sportsbook;;;;;;;;;;
01148BP   ;28/09/2012;2;9;N;2;825;1312,5;Sportsbook;;;;00357DG   ;785,5;Games;;;;;;;;;;
01152SJ   ;30/12/2012;22527_PRCH;22527;I;2;824,8574;0;Poker;;;;01284UW   ;784,5;Sportsbook;;;;;;;;;;
01148BP   ;14/09/2012;2;9;M;2;818;0;Sportsbook;;;;00J381    ;780;Sportsbook;;;;;;;;;;
01196ZZ   ;24/09/2012;22512_XFER;22512;I;408;814,8;689;Vegas;;;;01196ZZ   ;775;Sportsbook;;;;;;;;;;
01284UW   ;31/10/2012;36;5;I;5;810;0;Sportsbook;;;;01152SJ   ;770,9384;Poker;;;;;;;;;;
01152SJ   ;27/12/2012;22527_PRCH;22527;I;1;806,0617;0;Poker;;;;01152SJ   ;756,3808;Casino;;;;;;;;;;
00C017    ;24/11/2012;22527_PRCH;22527;I;3;800;0;Poker;;;;00J381    ;751,65;Sportsbook;;;;;;;;;;
00C017    ;15/12/2012;22527_PRCH;22527;I;3;800;0;Poker;;;;01148BP   ;750;Sportsbook;;;;;;;;;;
00J381    ;09/09/2012;2;9;N;4;800;1127,38;Sportsbook;;;;01284UW   ;750;Sportsbook;;;;;;;;;;
01148BP   ;24/11/2012;2;9;N;2;800;0;Sportsbook;;;;01284UW   ;731;Sportsbook;;;;;;;;;;
01148BP   ;30/11/2012;2;9;M;2;800;1150;Sportsbook;;;;00J381    ;730;Sportsbook;;;;;;;;;;
00357DG   ;14/11/2012;635;0;I;131;785,5;575,95;Games;;;;00C017    ;724,8;Bingo;;;;;;;;;;
01284UW   ;02/12/2012;46;5;I;23;784,5;635,85;Sportsbook;;;;00C017    ;700;Poker;;;;;;;;;;
00J381    ;27/12/2012;323;9;M;3;780;1056,25;Sportsbook;;;;00J381    ;700;Sportsbook;;;;;;;;;;
01196ZZ   ;29/09/2012;3;8;I;7;775;0;Sportsbook;;;;01148BP   ;700;Sportsbook;;;;;;;;;;
01152SJ   ;26/09/2012;22527_PRCH;22527;I;15;770,9384;0;Poker;;;;01152SJ   ;698,979;Casino;;;;;;;;;;
01152SJ   ;06/12/2012;22528_PRCH;22528;I;1;756,3808;0;Casino;;;;01148BP   ;690,63;Sportsbook;;;;;;;;;;
00J381    ;15/09/2012;323;9;M;3;751,65;748,87;Sportsbook;;;;00C017    ;680;Poker;;;;;;;;;;
01148BP   ;21/09/2012;2;9;N;2;750;0;Sportsbook;;;;01284UW   ;676;Sportsbook;;;;;;;;;;
01148BP   ;15/12/2012;2;9;I;2;750;0;Sportsbook;;;;01284UW   ;675;Sportsbook;;;;;;;;;;
01148BP   ;20/12/2012;2;9;I;3;750;0;Sportsbook;;;;01152SJ   ;671,3076;Poker;;;;;;;;;;
01284UW   ;02/12/2012;273;3;I;6;750;925;Sportsbook;;;;00J381    ;664,38;Sportsbook;;;;;;;;;;
01284UW   ;23/12/2012;1;5;I;21;731;685,33;Sportsbook;;;;01152SJ   ;662,2825;Poker;;;;;;;;;;
00J381    ;09/11/2012;323;9;M;5;730;813,75;Sportsbook;;;;01152SJ   ;656,291;Casino;;;;;;;;;;
00C017    ;10/09/2012;22508_STKE;22508;I;131;724,8;0;Bingo;;;;00J381    ;656,24;Sportsbook;;;;;;;;;;
00C017    ;01/12/2012;22527_PRCH;22527;I;2;700;0;Poker;;;;00357DG   ;656;Vegas;;;;;;;;;;
00J381    ;17/09/2012;2;9;M;4;700;900;Sportsbook;;;;00C017    ;656;Bingo;;;;;;;;;;
00J381    ;10/11/2012;2;9;M;5;700;1200;Sportsbook;;;;00C017    ;650;Poker;;;;;;;;;;
01148BP   ;13/09/2012;2;9;I;3;700;0;Sportsbook;;;;00J381    ;650;Sportsbook;;;;;;;;;;
01148BP   ;04/11/2012;2;9;I;3;700;475;Sportsbook;;;;01148BP   ;650;Sportsbook;;;;;;;;;;
01148BP   ;16/11/2012;2;9;M;2;700;1300;Sportsbook;;;;01284UW   ;650;Sportsbook;;;;;;;;;;
01152SJ   ;04/09/2012;22528_PRCH;22528;I;3;698,979;0;Casino;;;;01152SJ   ;630,2786;Poker;;;;;;;;;;
01148BP   ;05/09/2012;2;9;N;2;690,63;0;Sportsbook;;;;01196ZZ   ;630;Vegas;;;;;;;;;;
00C017    ;07/12/2012;22527_PRCH;22527;I;6;680;0;Poker;;;;00J381    ;626;Sportsbook;;;;;;;;;;
00C017    ;14/12/2012;22527_PRCH;22527;I;4;680;0;Poker;;;;00357DG   ;625;Vegas;;;;;;;;;;
01284UW   ;22/12/2012;46;5;I;29;676;816;Sportsbook;;;;00C017    ;625;Poker;;;;;;;;;;
01284UW   ;30/11/2012;273;3;I;17;675;1018,12;Sportsbook;;;;01152SJ   ;624,8048;Casino;;;;;;;;;;
01152SJ   ;13/12/2012;22527_PRCH;22527;I;9;671,3076;0;Poker;;;;01152SJ   ;624,1808;Casino;;;;;;;;;;
00J381    ;13/11/2012;2;9;M;4;664,38;800;Sportsbook;;;;01152SJ   ;623,6014;Casino;;;;;;;;;;
01152SJ   ;11/12/2012;22527_PRCH;22527;I;4;662,2825;0;Poker;;;;01152SJ   ;620,0903;Poker;;;;;;;;;;
01152SJ   ;12/09/2012;22528_PRCH;22528;I;6;656,291;0;Casino;;;;00357DG   ;602;Games;;;;;;;;;;
00J381    ;28/12/2012;2;9;M;3;656,24;756,25;Sportsbook;;;;01148BP   ;600;Sportsbook;;;;;;;;;;
00357DG   ;16/11/2012;22512_XFER;22512;I;92;656;304,7;Vegas;;;;01196ZZ   ;600;Sportsbook;;;;;;;;;;
00C017    ;28/09/2012;22508_STKE;22508;I;48;656;0;Bingo;;;;00775SM   ;587,2;Bingo;;;;;;;;;;
00C017    ;14/09/2012;22527_PRCH;22527;I;3;650;0;Poker;;;;01152SJ   ;586,717;Casino;;;;;;;;;;
00J381    ;22/09/2012;2;9;M;5;650;866;Sportsbook;;;;00J381    ;580;Sportsbook;;;;;;;;;;
00J381    ;11/10/2012;323;9;M;3;650;0;Sportsbook;;;;00J381    ;575;Sportsbook;;;;;;;;;;
01148BP   ;19/11/2012;2;9;M;2;650;0;Sportsbook;;;;00C017    ;570;Poker;;;;;;;;;;
01284UW   ;12/10/2012;1;5;I;2;650;0;Sportsbook;;;;00357DG   ;564;Games;;;;;;;;;;
01152SJ   ;04/09/2012;22527_PRCH;22527;I;1;630,2786;0;Poker;;;;01152SJ   ;561,7977;Casino;;;;;;;;;;
01196ZZ   ;20/12/2012;22512_XFER;22512;I;5;630;180;Vegas;;;;01152SJ   ;561,7627;Poker;;;;;;;;;;
00J381    ;07/10/2012;2;9;M;3;626;352;Sportsbook;;;;00C017    ;560;Poker;;;;;;;;;;
00357DG   ;12/10/2012;22512_XFER;22512;I;294;625;946,9;Vegas;;;;00J381    ;560;Sportsbook;;;;;;;;;;
00C017    ;21/09/2012;22527_PRCH;22527;I;3;625;0;Poker;;;;01284UW   ;560;Sportsbook;;;;;;;;;;
01152SJ   ;22/10/2012;22528_PRCH;22528;I;4;624,8048;0;Casino;;;;01152SJ   ;555,3497;Casino;;;;;;;;;;
01152SJ   ;23/10/2012;22528_PRCH;22528;I;4;624,8048;0;Casino;;;;00J381    ;550;Sportsbook;;;;;;;;;;
01152SJ   ;28/11/2012;22528_PRCH;22528;I;1;624,1808;0;Casino;;;;01196ZZ   ;550;Sportsbook;;;;;;;;;;
01152SJ   ;27/10/2012;22528_PRCH;22528;I;1;623,6014;0;Casino;;;;00C017    ;545;Poker;;;;;;;;;;
01152SJ   ;01/10/2012;22527_PRCH;22527;I;1;620,0903;0;Poker;;;;00J381    ;540;Sportsbook;;;;;;;;;;
00357DG   ;17/11/2012;638;0;I;133;602;548,1;Games;;;;01148BP   ;538,75;Sportsbook;;;;;;;;;;
01148BP   ;04/09/2012;2;9;I;2;600;0;Sportsbook;;;;00J381    ;536,75;Sportsbook;;;;;;;;;;
01148BP   ;19/10/2012;2;9;N;1;600;0;Sportsbook;;;;01196ZZ   ;536;Sportsbook;;;;;;;;;;
01148BP   ;11/11/2012;2;9;I;2;600;600;Sportsbook;;;;00C017    ;531,9;Bingo;;;;;;;;;;
01148BP   ;29/11/2012;2;9;I;3;600;1500;Sportsbook;;;;00J381    ;520;Sportsbook;;;;;;;;;;
01196ZZ   ;28/11/2012;3;8;I;3;600;0;Sportsbook;;;;00J381    ;510,75;Sportsbook;;;;;;;;;;
00775SM   ;07/10/2012;22508_STKE;22508;I;569;587,2;0;Bingo;;;;01284UW   ;510;Sportsbook;;;;;;;;;;
01152SJ   ;06/09/2012;22528_PRCH;22528;I;3;586,717;0;Casino;;;;01152SJ   ;503,8416;Poker;;;;;;;;;;
00J381    ;02/10/2012;2;9;M;4;580;0;Sportsbook;;;;00J381    ;502,1;Sportsbook;;;;;;;;;;
00J381    ;07/10/2012;46;5;M;7;575;0;Sportsbook;;;;00J381    ;500,25;Sportsbook;;;;;;;;;;
00C017    ;12/10/2012;22527_PRCH;22527;I;2;570;0;Poker;;;;00C017    ;500;Poker;;;;;;;;;;
00357DG   ;26/11/2012;635;0;I;76;564;347,9;Games;;;;00J381    ;500;Sportsbook;;;;;;;;;;
01152SJ   ;11/10/2012;22528_PRCH;22528;I;4;561,7977;0;Casino;;;;01148BP   ;500;Sportsbook;;;;;;;;;;
01152SJ   ;28/11/2012;22527_PRCH;22527;I;1;561,7627;0;Poker;;;;01148BP   ;500;#NV;;;;;;;;;;
00C017    ;18/11/2012;22527_PRCH;22527;I;2;560;0;Poker;;;;01196ZZ   ;500;Sportsbook;;;;;;;;;;
00J381    ;09/12/2012;323;9;M;2;560;0;Sportsbook;;;;01152SJ   ;499,2511;Poker;;;;;;;;;;
01284UW   ;25/10/2012;275;5;I;11;560;441,63;Sportsbook;;;;01152SJ   ;493,5025;Poker;;;;;;;;;;
01152SJ   ;30/09/2012;22528_PRCH;22528;I;6;555,3497;0;Casino;;;;01152SJ   ;489,6747;Casino;;;;;;;;;;
00J381    ;02/10/2012;42;4;M;2;550;484,62;Sportsbook;;;;01284UW   ;487;Sportsbook;;;;;;;;;;
01196ZZ   ;17/11/2012;1;5;I;7;550;109,15;Sportsbook;;;;00J381    ;480;Sportsbook;;;;;;;;;;
00C017    ;16/11/2012;22527_PRCH;22527;I;2;545;0;Poker;;;;01284UW   ;477,5;Sportsbook;;;;;;;;;;
00J381    ;14/09/2012;2;9;M;3;540;866,67;Sportsbook;;;;00J381    ;475;Sportsbook;;;;;;;;;;
00J381    ;30/09/2012;46;5;M;6;540;1120;Sportsbook;;;;01284UW   ;475;Sportsbook;;;;;;;;;;
00J381    ;02/10/2012;275;5;M;7;540;780;Sportsbook;;;;01152SJ   ;472,1435;Poker;;;;;;;;;;
01148BP   ;03/12/2012;2;9;N;1;538,75;0;Sportsbook;;;;01148BP   ;471,89;Sportsbook;;;;;;;;;;
00J381    ;23/09/2012;42;4;M;3;536,75;0;Sportsbook;;;;01284UW   ;470;Sportsbook;;;;;;;;;;
01196ZZ   ;15/12/2012;2;9;I;6;536;572;Sportsbook;;;;00357DG   ;461;Vegas;;;;;;;;;;
00C017    ;02/12/2012;22508_STKE;22508;I;56;531,9;0;Bingo;;;;00J381    ;460,89;Sportsbook;;;;;;;;;;
00J381    ;23/09/2012;1;5;M;10;520;600;Sportsbook;;;;00C017    ;460;Poker;;;;;;;;;;
00J381    ;17/10/2012;2;9;M;3;520;525;Sportsbook;;;;01196ZZ   ;460;Sportsbook;;;;;;;;;;
00J381    ;28/11/2012;2;9;M;3;520;0;Sportsbook;;;;00J381    ;456;Sportsbook;;;;;;;;;;
00J381    ;19/09/2012;323;9;M;3;510,75;0;Sportsbook;;;;00J381    ;450;Sportsbook;;;;;;;;;;
01284UW   ;10/10/2012;1;5;I;4;510;0;Sportsbook;;;;01148BP   ;450;Sportsbook;;;;;;;;;;
01152SJ   ;05/09/2012;22527_PRCH;22527;I;4;503,8416;0;Poker;;;;01196ZZ   ;450;Sportsbook;;;;;;;;;;
00J381    ;01/10/2012;42;4;M;2;502,1;414,72;Sportsbook;;;;01284UW   ;450;Sportsbook;;;;;;;;;;
00J381    ;05/12/2012;275;5;N;3;500,25;674,07;Sportsbook;;;;01152SJ   ;448,6818;Poker;;;;;;;;;;
00C017    ;07/09/2012;22527_PRCH;22527;I;2;500;0;Poker;;;;00C017    ;445;Poker;;;;;;;;;;
00C017    ;05/10/2012;22527_PRCH;22527;I;3;500;0;Poker;;;;00J381    ;444,62;Sportsbook;;;;;;;;;;
00C017    ;09/11/2012;22527_PRCH;22527;I;2;500;0;Poker;;;;00J381    ;440;Sportsbook;;;;;;;;;;
00C017    ;20/11/2012;22527_PRCH;22527;I;2;500;0;Poker;;;;00J381    ;430;Sportsbook;;;;;;;;;;
00J381    ;26/12/2012;323;9;M;3;500;1519,38;Sportsbook;;;;01284UW   ;427;Sportsbook;;;;;;;;;;
01148BP   ;03/09/2012;2;9;I;2;500;0;Sportsbook;;;;00357DG   ;420;Vegas;;;;;;;;;;
01148BP   ;06/09/2012;2;9;N;2;500;0;Sportsbook;;;;00J381    ;420;Sportsbook;;;;;;;;;;
01148BP   ;13/09/2012;;0;N;1;500;500;#NV;;;;01152SJ   ;418,8285;Poker;;;;;;;;;;
01148BP   ;13/09/2012;2;9;N;1;500;850;Sportsbook;;;;00357DG   ;416;Vegas;;;;;;;;;;
01148BP   ;16/09/2012;2;9;M;1;500;954,55;Sportsbook;;;;01148BP   ;412;Sportsbook;;;;;;;;;;
01148BP   ;25/09/2012;2;9;I;3;500;0;Sportsbook;;;;00J381    ;410,75;Sportsbook;;;;;;;;;;
01148BP   ;01/10/2012;2;9;M;1;500;1400;Sportsbook;;;;00775SM   ;403,1;Bingo;;;;;;;;;;
01148BP   ;13/10/2012;2;9;I;2;500;0;Sportsbook;;;;01284UW   ;403;Sportsbook;;;;;;;;;;
01148BP   ;23/10/2012;2;9;N;1;500;0;Sportsbook;;;;01152SJ   ;400,5465;Poker;;;;;;;;;;
01148BP   ;07/11/2012;2;9;N;1;500;1875;Sportsbook;;;;01152SJ   ;400,0499;Poker;;;;;;;;;;
01148BP   ;06/12/2012;2;9;M;1;500;1250;Sportsbook;;;;00C017    ;400;Poker;;;;;;;;;;
01148BP   ;08/12/2012;2;9;I;2;500;900;Sportsbook;;;;00J381    ;400;Sportsbook;;;;;;;;;;
01196ZZ   ;08/10/2012;2;9;I;3;500;0;Sportsbook;;;;00J381    ;400;#NV;;;;;;;;;;
01152SJ   ;06/11/2012;22527_PRCH;22527;I;1;499,2511;0;Poker;;;;01148BP   ;400;Sportsbook;;;;;;;;;;
01152SJ   ;26/12/2012;22527_PRCH;22527;I;1;493,5025;0;Poker;;;;01196ZZ   ;400;Sportsbook;;;;;;;;;;
01152SJ   ;18/12/2012;22528_PRCH;22528;I;4;489,6747;0;Casino;;;;00J381    ;393,4;Sportsbook;;;;;;;;;;
01284UW   ;03/12/2012;46;5;I;22;487;455;Sportsbook;;;;01196ZZ   ;390;Sportsbook;;;;;;;;;;
00J381    ;28/11/2012;323;9;M;2;480;0;Sportsbook;;;;01196ZZ   ;385;Sportsbook;;;;;;;;;;
01284UW   ;20/12/2012;46;5;I;31;477,5;570,45;Sportsbook;;;;00J381    ;380;Sportsbook;;;;;;;;;;
00J381    ;21/11/2012;2;9;M;3;475;675;Sportsbook;;;;01148BP   ;375;Sportsbook;;;;;;;;;;
01284UW   ;30/10/2012;274;5;I;8;475;0;Sportsbook;;;;01152SJ   ;374,3682;Casino;;;;;;;;;;
01152SJ   ;06/09/2012;22527_PRCH;22527;I;4;472,1435;0;Poker;;;;01152SJ   ;372,2777;Casino;;;;;;;;;;
01148BP   ;24/10/2012;2;9;N;2;471,89;1394,59;Sportsbook;;;;00J381    ;367,5;Sportsbook;;;;;;;;;;
01284UW   ;26/10/2012;1;5;I;4;470;0;Sportsbook;;;;00J381    ;360;Sportsbook;;;;;;;;;;
00357DG   ;26/10/2012;22512_XFER;22512;I;237;461;210,3;Vegas;;;;00357DG   ;354;Games;;;;;;;;;;
00J381    ;12/09/2012;2;9;N;3;460,89;1476,23;Sportsbook;;;;01284UW   ;354;Sportsbook;;;;;;;;;;
00C017    ;28/09/2012;22527_PRCH;22527;I;3;460;0;Poker;;;;00C017    ;350;Poker;;;;;;;;;;
01196ZZ   ;25/09/2012;3;8;I;5;460;270;Sportsbook;;;;00J381    ;350;Sportsbook;;;;;;;;;;
00J381    ;05/12/2012;323;9;M;3;456;656,25;Sportsbook;;;;01148BP   ;350;Sportsbook;;;;;;;;;;
00J381    ;22/09/2012;1;5;M;2;450;920;Sportsbook;;;;01196ZZ   ;350;Casino;;;;;;;;;;
00J381    ;28/09/2012;42;4;M;4;450;647,5;Sportsbook;;;;01196ZZ   ;350;Sportsbook;;;;;;;;;;
00J381    ;23/11/2012;323;9;M;4;450;0;Sportsbook;;;;01284UW   ;350;Sportsbook;;;;;;;;;;
01148BP   ;09/10/2012;2;9;N;1;450;0;Sportsbook;;;;00C017    ;348,55;Poker;;;;;;;;;;
01196ZZ   ;26/10/2012;2;9;I;5;450;0;Sportsbook;;;;00J381    ;340;Sportsbook;;;;;;;;;;
01284UW   ;10/10/2012;46;5;I;2;450;0;Sportsbook;;;;01148BP   ;337,5;Sportsbook;;;;;;;;;;
01152SJ   ;12/12/2012;22527_PRCH;22527;I;6;448,6818;0;Poker;;;;00J381    ;335;Sportsbook;;;;;;;;;;
00C017    ;02/09/2012;22527_PRCH;22527;I;3;445;0;Poker;;;;00C017    ;330;Poker;;;;;;;;;;
00J381    ;03/10/2012;323;9;M;3;444,62;0;Sportsbook;;;;00357DG   ;324;Vegas;;;;;;;;;;
00J381    ;10/09/2012;323;9;N;2;440;0;Sportsbook;;;;01152SJ   ;322,2607;Poker;;;;;;;;;;
00J381    ;28/09/2012;323;9;M;3;430;650;Sportsbook;;;;00357DG   ;321;Games;;;;;;;;;;
00J381    ;17/11/2012;1;5;M;6;430;0;Sportsbook;;;;00C017    ;320;Poker;;;;;;;;;;
01284UW   ;02/12/2012;274;5;I;22;427;100;Sportsbook;;;;00J381    ;320;Sportsbook;;;;;;;;;;
00357DG   ;06/12/2012;22512_XFER;22512;I;42;420;255;Vegas;;;;00J381    ;319;Sportsbook;;;;;;;;;;
00J381    ;22/09/2012;5;11;M;2;420;0;Sportsbook;;;;00J381    ;316,67;Sportsbook;;;;;;;;;;
01152SJ   ;07/11/2012;22527_PRCH;22527;I;5;418,8285;0;Poker;;;;01152SJ   ;312,1099;Poker;;;;;;;;;;
00357DG   ;03/11/2012;22512_XFER;22512;I;118;416;316,4;Vegas;;;;01152SJ   ;312,032;Casino;;;;;;;;;;
01148BP   ;27/09/2012;2;9;M;1;412;0;Sportsbook;;;;00J381    ;311,31;Sportsbook;;;;;;;;;;
00J381    ;17/11/2012;323;9;M;3;410,75;0;Sportsbook;;;;00C017    ;310;Poker;;;;;;;;;;
00775SM   ;30/09/2012;22508_STKE;22508;I;123;403,1;0;Bingo;;;;00J381    ;310;Sportsbook;;;;;;;;;;
01284UW   ;03/12/2012;273;3;I;13;403;485,26;Sportsbook;;;;00J381    ;308,05;Sportsbook;;;;;;;;;;
01152SJ   ;06/12/2012;22527_PRCH;22527;I;1;400,5465;0;Poker;;;;00J381    ;308;Sportsbook;;;;;;;;;;
01152SJ   ;13/10/2012;22527_PRCH;22527;I;1;400,0499;0;Poker;;;;00J381    ;306,26;Sportsbook;;;;;;;;;;
00C017    ;02/12/2012;22527_PRCH;22527;I;1;400;0;Poker;;;;01152SJ   ;305,3577;Poker;;;;;;;;;;
00J381    ;07/10/2012;323;9;M;1;400;0;Sportsbook;;;;00J381    ;305;Sportsbook;;;;;;;;;;
00J381    ;09/10/2012;;0;N;1;400;0;#NV;;;;00C017    ;300;Poker;;;;;;;;;;
00J381    ;11/11/2012;323;9;N;1;400;0;Sportsbook;;;;00J381    ;300;Sportsbook;;;;;;;;;;
00J381    ;13/11/2012;323;9;N;1;400;0;Sportsbook;;;;01148BP   ;300;Sportsbook;;;;;;;;;;
00J381    ;31/12/2012;323;9;M;1;400;0;Sportsbook;;;;00357DG   ;295,21;Adjustments;;;;;;;;;;
01148BP   ;16/09/2012;1;5;I;1;400;820;Sportsbook;;;;01284UW   ;295;Sportsbook;;;;;;;;;;
01148BP   ;16/09/2012;1;5;M;1;400;359,38;Sportsbook;;;;01152SJ   ;292,6138;Casino;;;;;;;;;;
01148BP   ;02/10/2012;2;9;N;1;400;0;Sportsbook;;;;00J381    ;290;Sportsbook;;;;;;;;;;
01148BP   ;14/10/2012;2;9;I;1;400;0;Sportsbook;;;;01196ZZ   ;285;Sportsbook;;;;;;;;;;
01148BP   ;24/11/2012;2;9;M;3;400;0;Sportsbook;;;;01152SJ   ;284,3962;Poker;;;;;;;;;;
01148BP   ;29/11/2012;2;9;N;1;400;0;Sportsbook;;;;00J381    ;283;Sportsbook;;;;;;;;;;
01196ZZ   ;25/09/2012;2;9;I;2;400;450;Sportsbook;;;;00J381    ;281,5;Sportsbook;;;;;;;;;;
00J381    ;27/11/2012;2;9;M;2;393,4;0;Sportsbook;;;;00C017    ;281;Poker;;;;;;;;;;
01196ZZ   ;24/11/2012;3;8;I;4;390;672,5;Sportsbook;;;;00J381    ;280;Sportsbook;;;;;;;;;;
01196ZZ   ;16/10/2012;3;8;I;3;385;362,5;Sportsbook;;;;00J381    ;277,5;Sportsbook;;;;;;;;;;
00J381    ;07/10/2012;1;5;M;6;380;0;Sportsbook;;;;01196ZZ   ;275;Sportsbook;;;;;;;;;;
00J381    ;22/12/2012;323;9;M;2;380;0;Sportsbook;;;;00J381    ;274;Sportsbook;;;;;;;;;;
01148BP   ;05/11/2012;2;9;I;2;375;0;Sportsbook;;;;00357DG   ;272;Vegas;;;;;;;;;;
01152SJ   ;13/09/2012;22528_PRCH;22528;I;5;374,3682;0;Casino;;;;00J381    ;270,87;Sportsbook;;;;;;;;;;
01152SJ   ;15/09/2012;22528_PRCH;22528;I;2;372,2777;0;Casino;;;;00J381    ;270;Sportsbook;;;;;;;;;;
00J381    ;20/12/2012;323;9;M;2;367,5;0;Sportsbook;;;;01148BP   ;268;Sportsbook;;;;;;;;;;
00J381    ;16/09/2012;1;5;M;9;360;0;Sportsbook;;;;01196ZZ   ;267;Sportsbook;;;;;;;;;;
00J381    ;29/12/2012;323;9;N;2;360;0;Sportsbook;;;;01284UW   ;267;Sportsbook;;;;;;;;;;
00357DG   ;08/11/2012;613;0;I;178;354;203;Games;;;;00C017    ;260;Poker;;;;;;;;;;
01284UW   ;04/11/2012;274;5;I;17;354;100;Sportsbook;;;;00J381    ;260;Sportsbook;;;;;;;;;;
00C017    ;18/10/2012;22527_PRCH;22527;I;2;350;0;Poker;;;;01284UW   ;260;Sportsbook;;;;;;;;;;
00C017    ;09/12/2012;22527_PRCH;22527;I;1;350;0;Poker;;;;00J381    ;258;Sportsbook;;;;;;;;;;
00J381    ;24/09/2012;323;9;N;2;350;0;Sportsbook;;;;00C017    ;250;Poker;;;;;;;;;;
00J381    ;03/10/2012;275;5;M;5;350;0;Sportsbook;;;;00J381    ;250;Sportsbook;;;;;;;;;;
00J381    ;04/10/2012;323;9;M;2;350;0;Sportsbook;;;;01148BP   ;250;Sportsbook;;;;;;;;;;
00J381    ;08/10/2012;2;9;M;2;350;0;Sportsbook;;;;01196ZZ   ;250;Sportsbook;;;;;;;;;;
00J381    ;22/11/2012;323;9;M;2;350;1185,94;Sportsbook;;;;01152SJ   ;249,5377;Poker;;;;;;;;;;
00J381    ;10/12/2012;323;9;M;2;350;0;Sportsbook;;;;00J381    ;248,13;Sportsbook;;;;;;;;;;
00J381    ;12/12/2012;323;9;M;2;350;0;Sportsbook;;;;00J381    ;244;Sportsbook;;;;;;;;;;
00J381    ;30/12/2012;323;9;M;2;350;1340,63;Sportsbook;;;;00J381    ;240;Sportsbook;;;;;;;;;;
01148BP   ;02/12/2012;2;9;M;1;350;0;Sportsbook;;;;01196ZZ   ;240;Sportsbook;;;;;;;;;;
01196ZZ   ;28/11/2012;22528_PRCH;22528;I;2;350;0;Casino;;;;01196ZZ   ;237;Casino;;;;;;;;;;
01196ZZ   ;01/12/2012;2;9;I;1;350;0;Sportsbook;;;;01284UW   ;232,9;Sportsbook;;;;;;;;;;
01284UW   ;01/11/2012;275;5;I;4;350;0;Sportsbook;;;;00C017    ;230;Poker;;;;;;;;;;
00C017    ;07/10/2012;22527_PRCH;22527;I;3;348,55;0;Poker;;;;00J381    ;230;Sportsbook;;;;;;;;;;
00J381    ;30/09/2012;40;6;M;2;340;0;Sportsbook;;;;00497XG   ;228,31;Games;;;;;;;;;;
01148BP   ;10/10/2012;2;9;N;1;337,5;0;Sportsbook;;;;01196ZZ   ;227,8;Vegas;;;;;;;;;;
00J381    ;17/09/2012;1;5;M;5;335;0;Sportsbook;;;;00J381    ;227,25;Sportsbook;;;;;;;;;;
00C017    ;08/09/2012;22527_PRCH;22527;I;2;330;0;Poker;;;;01284UW   ;226;Sportsbook;;;;;;;;;;
00C017    ;26/10/2012;22527_PRCH;22527;I;2;330;0;Poker;;;;01196ZZ   ;225;Sportsbook;;;;;;;;;;
00357DG   ;21/11/2012;22512_XFER;22512;I;58;324;124,2;Vegas;;;;01196ZZ   ;225;Casino;;;;;;;;;;
01152SJ   ;08/10/2012;22527_PRCH;22527;I;3;322,2607;0;Poker;;;;01152SJ   ;223,3667;Poker;;;;;;;;;;
00357DG   ;19/11/2012;635;0;I;107;321;141,6;Games;;;;00497XG   ;222,4;Games;;;;;;;;;;
00C017    ;02/11/2012;22527_PRCH;22527;I;2;320;0;Poker;;;;00J381    ;220;Sportsbook;;;;;;;;;;
00J381    ;10/10/2012;323;9;M;3;320;0;Sportsbook;;;;01284UW   ;220;Sportsbook;;;;;;;;;;
00J381    ;12/11/2012;2;9;M;2;320;660;Sportsbook;;;;01152SJ   ;216,3966;Casino;;;;;;;;;;
00J381    ;27/12/2012;42;4;M;1;319;0;Sportsbook;;;;01284UW   ;216;Sportsbook;;;;;;;;;;
00J381    ;01/10/2012;2;9;M;2;316,67;0;Sportsbook;;;;01152SJ   ;215,4744;Casino;;;;;;;;;;
01152SJ   ;11/10/2012;22527_PRCH;22527;I;1;312,1099;0;Poker;;;;01284UW   ;213;Sportsbook;;;;;;;;;;
01152SJ   ;06/11/2012;22528_PRCH;22528;I;5;312,032;0;Casino;;;;00J381    ;212;Sportsbook;;;;;;;;;;
00J381    ;08/10/2012;19;1;M;1;311,31;0;Sportsbook;;;;01196ZZ   ;207;Sportsbook;;;;;;;;;;
00C017    ;14/10/2012;22527_PRCH;22527;I;1;310;0;Poker;;;;00J381    ;205,94;Sportsbook;;;;;;;;;;
00J381    ;10/10/2012;2;9;M;2;310;780;Sportsbook;;;;00J381    ;204;Sportsbook;;;;;;;;;;
00J381    ;02/10/2012;323;9;M;2;308,05;0;Sportsbook;;;;00J381    ;202,25;Sportsbook;;;;;;;;;;
00J381    ;11/12/2012;1;5;M;2;308;0;Sportsbook;;;;00357DG   ;202;Vegas;;;;;;;;;;
00J381    ;17/09/2012;323;9;M;2;306,26;528,13;Sportsbook;;;;00C017    ;200;Poker;;;;;;;;;;
01152SJ   ;04/10/2012;22527_PRCH;22527;I;1;305,3577;0;Poker;;;;00C017    ;200;Sportsbook;;;;;;;;;;
00J381    ;17/10/2012;323;9;M;2;305;0;Sportsbook;;;;00J381    ;200;Sportsbook;;;;;;;;;;
00C017    ;03/09/2012;22527_PRCH;22527;I;2;300;0;Poker;;;;01148BP   ;200;Sportsbook;;;;;;;;;;
00C017    ;19/10/2012;22527_PRCH;22527;I;1;300;0;Poker;;;;01196ZZ   ;200;Casino;;;;;;;;;;
00J381    ;01/09/2012;323;9;M;4;300;0;Sportsbook;;;;01196ZZ   ;200;Vegas;;;;;;;;;;
00J381    ;13/09/2012;323;9;N;2;300;0;Sportsbook;;;;01284UW   ;200;Sportsbook;;;;;;;;;;
00J381    ;18/09/2012;323;9;M;2;300;893,75;Sportsbook;;;;00C017    ;190;Poker;;;;;;;;;;
00J381    ;05/10/2012;323;9;M;2;300;0;Sportsbook;;;;01152SJ   ;186,6368;Casino;;;;;;;;;;
00J381    ;15/10/2012;323;9;M;2;300;0;Sportsbook;;;;01152SJ   ;186,544;Casino;;;;;;;;;;
00J381    ;30/10/2012;323;9;N;2;300;0;Sportsbook;;;;00J381    ;180;Sportsbook;;;;;;;;;;
00J381    ;08/11/2012;323;9;M;2;300;0;Sportsbook;;;;01196ZZ   ;180;Sportsbook;;;;;;;;;;
00J381    ;14/11/2012;323;9;M;2;300;0;Sportsbook;;;;00J381    ;178;Sportsbook;;;;;;;;;;
00J381    ;15/11/2012;2;9;N;2;300;0;Sportsbook;;;;01152SJ   ;174,0428;Casino;;;;;;;;;;
00J381    ;23/11/2012;2;9;M;2;300;0;Sportsbook;;;;01152SJ   ;171,9011;Casino;;;;;;;;;;
00J381    ;04/12/2012;323;9;M;2;300;0;Sportsbook;;;;00J381    ;170;Sportsbook;;;;;;;;;;
00J381    ;16/12/2012;323;9;M;2;300;0;Sportsbook;;;;01152SJ   ;160,0591;Casino;;;;;;;;;;
00J381    ;21/12/2012;323;9;M;2;300;0;Sportsbook;;;;00C017    ;160;Poker;;;;;;;;;;
01148BP   ;26/10/2012;2;9;M;2;300;250;Sportsbook;;;;00J381    ;160;Sportsbook;;;;;;;;;;
01148BP   ;06/12/2012;2;9;I;1;300;0;Sportsbook;;;;00J381    ;160;#NV;;;;;;;;;;
00357DG   ;11/12/2012;CSH_PPAL;0;I;0;295,21;0;Adjustments;;;;01196ZZ   ;160;Sportsbook;;;;;;;;;;
01284UW   ;05/11/2012;274;5;I;12;295;254,55;Sportsbook;;;;00J381    ;155;Sportsbook;;;;;;;;;;
01152SJ   ;19/09/2012;22528_PRCH;22528;I;4;292,6138;0;Casino;;;;01284UW   ;155;Sportsbook;;;;;;;;;;
00J381    ;21/09/2012;323;9;N;2;290;0;Sportsbook;;;;00J381    ;153,63;Sportsbook;;;;;;;;;;
01196ZZ   ;18/09/2012;2;9;I;3;285;0;Sportsbook;;;;00C017    ;152,99;Poker;;;;;;;;;;
01152SJ   ;01/09/2012;22527_PRCH;22527;I;2;284,3962;0;Poker;;;;00357DG   ;151;Games;;;;;;;;;;
00J381    ;18/09/2012;275;5;M;5;283;0;Sportsbook;;;;00J381    ;150,31;Sportsbook;;;;;;;;;;
00J381    ;10/11/2012;323;9;M;2;281,5;1584,38;Sportsbook;;;;00C017    ;150;Poker;;;;;;;;;;
00C017    ;01/09/2012;22527_PRCH;22527;I;2;281;0;Poker;;;;00J381    ;150;Sportsbook;;;;;;;;;;
00J381    ;22/11/2012;2;9;N;3;280;0;Sportsbook;;;;00J381    ;150;#NV;;;;;;;;;;
00J381    ;27/09/2012;42;4;M;2;277,5;277,5;Sportsbook;;;;01284UW   ;150;Sportsbook;;;;;;;;;;
01196ZZ   ;18/11/2012;2;9;I;1;275;0;Sportsbook;;;;00357DG   ;148;Vegas;;;;;;;;;;
00J381    ;25/11/2012;2;9;N;2;274;0;Sportsbook;;;;01284UW   ;145;Sportsbook;;;;;;;;;;
00357DG   ;25/10/2012;22512_XFER;22512;I;136;272;142,6;Vegas;;;;00J381    ;143,13;Sportsbook;;;;;;;;;;
00J381    ;16/09/2012;323;9;M;2;270,87;528,13;Sportsbook;;;;01284UW   ;141,5;Sportsbook;;;;;;;;;;
00J381    ;02/11/2012;323;9;N;2;270;0;Sportsbook;;;;00J381    ;140;Sportsbook;;;;;;;;;;
01148BP   ;03/12/2012;2;9;M;1;268;938;Sportsbook;;;;01284UW   ;140;Sportsbook;;;;;;;;;;
01196ZZ   ;20/10/2012;1;5;I;2;267;427,35;Sportsbook;;;;01152SJ   ;138,5216;Poker;;;;;;;;;;
01284UW   ;04/12/2012;275;5;I;15;267;0;Sportsbook;;;;01152SJ   ;137,5665;Poker;;;;;;;;;;
00C017    ;30/12/2012;22527_PRCH;22527;I;1;260;0;Poker;;;;01152SJ   ;135,7116;Poker;;;;;;;;;;
00J381    ;01/10/2012;323;9;M;1;260;0;Sportsbook;;;;00C017    ;133,5;Bingo;;;;;;;;;;
00J381    ;12/11/2012;323;9;M;2;260;0;Sportsbook;;;;00J381    ;130;Sportsbook;;;;;;;;;;
01284UW   ;30/11/2012;46;5;I;17;260;0;Sportsbook;;;;00357DG   ;126;Games;;;;;;;;;;
00J381    ;16/09/2012;40;6;M;2;258;0;Sportsbook;;;;01152SJ   ;125,6834;Casino;;;;;;;;;;
00C017    ;11/09/2012;22527_PRCH;22527;I;2;250;0;Poker;;;;01152SJ   ;125,4347;Poker;;;;;;;;;;
00C017    ;11/10/2012;22527_PRCH;22527;I;2;250;0;Poker;;;;00J381    ;125;Sportsbook;;;;;;;;;;
00C017    ;27/10/2012;22527_PRCH;22527;I;1;250;0;Poker;;;;01148BP   ;125;Sportsbook;;;;;;;;;;
00C017    ;31/10/2012;22527_PRCH;22527;I;2;250;0;Poker;;;;01152SJ   ;124,8284;Casino;;;;;;;;;;
00C017    ;21/11/2012;22527_PRCH;22527;I;1;250;0;Poker;;;;01152SJ   ;124,7738;Casino;;;;;;;;;;
00C017    ;27/11/2012;22527_PRCH;22527;I;2;250;0;Poker;;;;00C017    ;122;Poker;;;;;;;;;;
00J381    ;18/09/2012;19;1;M;1;250;0;Sportsbook;;;;01284UW   ;121,7;Sportsbook;;;;;;;;;;
00J381    ;24/11/2012;2;9;N;1;250;1500;Sportsbook;;;;00J381    ;120,38;Sportsbook;;;;;;;;;;
00J381    ;27/11/2012;1;5;M;3;250;0;Sportsbook;;;;00C017    ;120;Poker;;;;;;;;;;
00J381    ;14/12/2012;323;9;N;2;250;0;Sportsbook;;;;00J381    ;120;Sportsbook;;;;;;;;;;
00J381    ;18/12/2012;2;9;N;1;250;0;Sportsbook;;;;00357DG   ;116;Games;;;;;;;;;;
00J381    ;19/12/2012;323;9;M;2;250;687,5;Sportsbook;;;;00J381    ;116;#NV;;;;;;;;;;
01148BP   ;02/09/2012;2;9;I;1;250;0;Sportsbook;;;;01284UW   ;115;Sportsbook;;;;;;;;;;
01148BP   ;24/09/2012;2;9;N;1;250;0;Sportsbook;;;;00J381    ;110;Sportsbook;;;;;;;;;;
01148BP   ;06/11/2012;2;9;N;1;250;2500;Sportsbook;;;;01196ZZ   ;105;Sportsbook;;;;;;;;;;
01148BP   ;08/11/2012;2;9;N;1;250;0;Sportsbook;;;;01284UW   ;102;Sportsbook;;;;;;;;;;
01148BP   ;21/11/2012;2;9;M;1;250;687,5;Sportsbook;;;;00J381    ;100,07;Sportsbook;;;;;;;;;;
01148BP   ;04/12/2012;2;9;I;5;250;400;Sportsbook;;;;00357DG   ;100;Sportsbook;;;;;;;;;;
01196ZZ   ;13/10/2012;2;9;M;4;250;1175;Sportsbook;;;;00C017    ;100;Poker;;;;;;;;;;
01152SJ   ;23/12/2012;22527_PRCH;22527;I;6;249,5377;0;Poker;;;;00J381    ;100;Sportsbook;;;;;;;;;;
00J381    ;16/09/2012;325;13;M;1;248,13;496,26;Sportsbook;;;;01196ZZ   ;100;Sportsbook;;;;;;;;;;
00J381    ;06/12/2012;42;4;M;1;244;0;Sportsbook;;;;01196ZZ   ;100;Casino;;;;;;;;;;
00J381    ;23/09/2012;323;9;M;1;240;0;Sportsbook;;;;01196ZZ   ;100;Vegas;;;;;;;;;;
01196ZZ   ;16/10/2012;2;9;I;4;240;550;Sportsbook;;;;01284UW   ;100;Sportsbook;;;;;;;;;;
01196ZZ   ;29/09/2012;22528_PRCH;22528;I;3;237;0;Casino;;;;01152SJ   ;99,3357;Poker;;;;;;;;;;
01284UW   ;24/12/2012;273;3;I;10;232,9;300,71;Sportsbook;;;;00C017    ;97,2;Bingo;;;;;;;;;;
00C017    ;03/12/2012;22527_PRCH;22527;I;3;230;0;Poker;;;;00357DG   ;96;Games;;;;;;;;;;
00J381    ;05/09/2012;323;9;N;2;230;0;Sportsbook;;;;01284UW   ;92;Sportsbook;;;;;;;;;;
00J381    ;12/10/2012;2;9;N;2;230;0;Sportsbook;;;;00357DG   ;90;Games;;;;;;;;;;
00J381    ;04/11/2012;323;9;N;2;230;0;Sportsbook;;;;01196ZZ   ;90;Sportsbook;;;;;;;;;;
00J381    ;19/11/2012;2;9;M;4;230;0;Sportsbook;;;;01284UW   ;88;Sportsbook;;;;;;;;;;
00497XG   ;02/09/2012;452;0;I;369;228,31;123,36;Games;;;;01284UW   ;83,1;Sportsbook;;;;;;;;;;
01196ZZ   ;18/09/2012;22512_XFER;22512;I;79;227,8;112;Vegas;;;;00357DG   ;82;Games;;;;;;;;;;
00J381    ;07/10/2012;40;6;M;1;227,25;900;Sportsbook;;;;01152SJ   ;80,0838;Poker;;;;;;;;;;
01284UW   ;04/12/2012;46;5;I;8;226;304;Sportsbook;;;;00J381    ;80;Sportsbook;;;;;;;;;;
01196ZZ   ;16/10/2012;36;5;I;5;225;0;Sportsbook;;;;00357DG   ;76;Games;;;;;;;;;;
01196ZZ   ;10/11/2012;2;9;I;3;225;175;Sportsbook;;;;01284UW   ;76;Sportsbook;;;;;;;;;;
01196ZZ   ;13/12/2012;22528_PRCH;22528;I;2;225;0;Casino;;;;01284UW   ;75;Sportsbook;;;;;;;;;;
01152SJ   ;15/09/2012;22527_PRCH;22527;I;2;223,3667;0;Poker;;;;00357DG   ;72;Games;;;;;;;;;;
00497XG   ;30/12/2012;601;0;I;85;222,4;156,5;Games;;;;00J381    ;70,13;Sportsbook;;;;;;;;;;
00J381    ;30/09/2012;42;4;M;1;220;0;Sportsbook;;;;01284UW   ;68;Sportsbook;;;;;;;;;;
00J381    ;27/10/2012;2;9;M;2;220;600;Sportsbook;;;;01284UW   ;67;Sportsbook;;;;;;;;;;
00J381    ;27/10/2012;1;5;N;2;220;0;Sportsbook;;;;00357DG   ;64;Games;;;;;;;;;;
00J381    ;27/10/2012;2;9;N;2;220;0;Sportsbook;;;;01284UW   ;64;Sportsbook;;;;;;;;;;
00J381    ;27/10/2012;323;9;M;2;220;0;Sportsbook;;;;01152SJ   ;62,9802;Casino;;;;;;;;;;
00J381    ;19/12/2012;2;9;M;1;220;0;Sportsbook;;;;01152SJ   ;62,1504;Poker;;;;;;;;;;
01284UW   ;25/10/2012;274;5;I;2;220;0;Sportsbook;;;;01152SJ   ;62,004;Casino;;;;;;;;;;
01152SJ   ;17/12/2012;22528_PRCH;22528;I;5;216,3966;0;Casino;;;;01152SJ   ;61,8276;Casino;;;;;;;;;;
01284UW   ;25/12/2012;274;5;I;6;216;12,69;Sportsbook;;;;00357DG   ;60;Games;;;;;;;;;;
01152SJ   ;30/10/2012;22528_PRCH;22528;I;1;215,4744;0;Casino;;;;00J381    ;60;Sportsbook;;;;;;;;;;
01284UW   ;25/12/2012;1;5;I;13;213;41,37;Sportsbook;;;;01196ZZ   ;60;Casino;;;;;;;;;;
00J381    ;20/10/2012;1;5;M;1;212;0;Sportsbook;;;;01196ZZ   ;60;Sportsbook;;;;;;;;;;
01196ZZ   ;18/10/2012;2;9;I;1;207;0;Sportsbook;;;;01284UW   ;58,2;Sportsbook;;;;;;;;;;
00J381    ;23/11/2012;40;6;M;2;205,94;0;Sportsbook;;;;01284UW   ;58;Sportsbook;;;;;;;;;;
00J381    ;23/09/2012;2;9;M;1;204;0;Sportsbook;;;;01284UW   ;55;Sportsbook;;;;;;;;;;
00J381    ;09/11/2012;2;9;M;1;202,25;0;Sportsbook;;;;01284UW   ;54,97;Sportsbook;;;;;;;;;;
00357DG   ;15/09/2012;22512_XFER;22512;I;101;202;127,1;Vegas;;;;00J381    ;50,19;Sportsbook;;;;;;;;;;
00C017    ;15/09/2012;22527_PRCH;22527;I;1;200;0;Poker;;;;00C017    ;50;Poker;;;;;;;;;;
00C017    ;29/09/2012;22527_PRCH;22527;I;2;200;0;Poker;;;;00J381    ;50;Sportsbook;;;;;;;;;;
00C017    ;25/10/2012;22527_PRCH;22527;I;1;200;0;Poker;;;;01196ZZ   ;50;Sportsbook;;;;;;;;;;
00C017    ;24/11/2012;2;9;I;4;200;400;Sportsbook;;;;01196ZZ   ;50;Casino;;;;;;;;;;
00J381    ;06/09/2012;323;9;N;2;200;0;Sportsbook;;;;01284UW   ;50;Sportsbook;;;;;;;;;;
00J381    ;08/09/2012;2;9;M;1;200;0;Sportsbook;;;;00357DG   ;49,8;Bingo;;;;;;;;;;
00J381    ;09/09/2012;323;9;N;1;200;406,25;Sportsbook;;;;00775SM   ;49,25;Games;;;;;;;;;;
00J381    ;11/09/2012;323;9;N;1;200;0;Sportsbook;;;;00357DG   ;48;Games;;;;;;;;;;
00J381    ;14/09/2012;2;9;N;1;200;568,75;Sportsbook;;;;01284UW   ;46;Sportsbook;;;;;;;;;;
00J381    ;24/09/2012;2;9;N;1;200;0;Sportsbook;;;;01284UW   ;41;Sportsbook;;;;;;;;;;
00J381    ;30/09/2012;323;9;N;1;200;3300,78;Sportsbook;;;;01284UW   ;40,3;Sportsbook;;;;;;;;;;
00J381    ;05/10/2012;2;9;M;1;200;0;Sportsbook;;;;01196ZZ   ;40;Sportsbook;;;;;;;;;;
00J381    ;06/10/2012;323;9;M;1;200;0;Sportsbook;;;;01196ZZ   ;40;Casino;;;;;;;;;;
00J381    ;08/10/2012;323;9;M;1;200;0;Sportsbook;;;;01284UW   ;39,51;Sportsbook;;;;;;;;;;
00J381    ;09/10/2012;323;9;M;1;200;0;Sportsbook;;;;01284UW   ;39,3;Sportsbook;;;;;;;;;;
00J381    ;11/10/2012;2;9;M;1;200;0;Sportsbook;;;;00775SM   ;39;Vegas;;;;;;;;;;
00J381    ;14/10/2012;323;9;M;2;200;0;Sportsbook;;;;01284UW   ;38;Sportsbook;;;;;;;;;;
00J381    ;16/10/2012;2;9;N;1;200;0;Sportsbook;;;;01284UW   ;37;Sportsbook;;;;;;;;;;
00J381    ;24/10/2012;323;9;M;2;200;0;Sportsbook;;;;00775SM   ;36,5;Games;;;;;;;;;;
00J381    ;25/10/2012;2;9;M;2;200;0;Sportsbook;;;;00775SM   ;34,75;Games;;;;;;;;;;
00J381    ;05/11/2012;2;9;M;1;200;0;Sportsbook;;;;01284UW   ;34,5;Sportsbook;;;;;;;;;;
00J381    ;10/11/2012;2;9;N;1;200;0;Sportsbook;;;;01152SJ   ;30,9828;Poker;;;;;;;;;;
00J381    ;14/11/2012;40;6;M;1;200;0;Sportsbook;;;;00775SM   ;30,77;Vegas;;;;;;;;;;
00J381    ;17/11/2012;5;11;M;1;200;0;Sportsbook;;;;01284UW   ;30;Sportsbook;;;;;;;;;;
00J381    ;18/11/2012;323;9;M;1;200;0;Sportsbook;;;;01284UW   ;25;Sportsbook;;;;;;;;;;
00J381    ;20/11/2012;323;9;N;1;200;0;Sportsbook;;;;00775SM   ;24,6;Vegas;;;;;;;;;;
00J381    ;25/11/2012;1;5;N;4;200;0;Sportsbook;;;;00357DG   ;24;Games;;;;;;;;;;
00J381    ;26/11/2012;2;9;M;1;200;700;Sportsbook;;;;00775SM   ;24;Vegas;;;;;;;;;;
00J381    ;30/11/2012;323;9;M;1;200;0;Sportsbook;;;;01284UW   ;24;Sportsbook;;;;;;;;;;
00J381    ;01/12/2012;323;9;M;1;200;0;Sportsbook;;;;01284UW   ;20,6;Sportsbook;;;;;;;;;;
00J381    ;08/12/2012;323;9;M;1;200;0;Sportsbook;;;;00357DG   ;20;Casino;;;;;;;;;;
00J381    ;11/12/2012;1;5;I;1;200;0;Sportsbook;;;;00775SM   ;20;Casino;;;;;;;;;;
00J381    ;11/12/2012;323;9;M;1;200;528,13;Sportsbook;;;;01196ZZ   ;20;Sportsbook;;;;;;;;;;
00J381    ;14/12/2012;2;9;M;1;200;0;Sportsbook;;;;01284UW   ;20;Sportsbook;;;;;;;;;;
00J381    ;16/12/2012;1;5;N;2;200;0;Sportsbook;;;;01284UW   ;19;Sportsbook;;;;;;;;;;
00J381    ;17/12/2012;323;9;M;1;200;0;Sportsbook;;;;00497XG   ;18,6;Games;;;;;;;;;;
00J381    ;23/12/2012;323;9;M;1;200;0;Sportsbook;;;;00775SM   ;18;Sportsbook;;;;;;;;;;
01148BP   ;10/09/2012;2;9;I;1;200;0;Sportsbook;;;;01284UW   ;18;Sportsbook;;;;;;;;;;
01148BP   ;11/09/2012;2;9;N;1;200;0;Sportsbook;;;;01284UW   ;13,85;Sportsbook;;;;;;;;;;
01148BP   ;19/09/2012;2;9;I;1;200;0;Sportsbook;;;;01152SJ   ;13,1013;Casino;;;;;;;;;;
01148BP   ;30/09/2012;2;9;M;1;200;0;Sportsbook;;;;00775SM   ;12,8;Games;;;;;;;;;;
01148BP   ;31/10/2012;2;9;N;1;200;0;Sportsbook;;;;01152SJ   ;12,3084;Poker;;;;;;;;;;
01148BP   ;22/11/2012;2;9;I;1;200;0;Sportsbook;;;;01284UW   ;10,7;Sportsbook;;;;;;;;;;
01196ZZ   ;20/10/2012;22528_PRCH;22528;I;1;200;0;Casino;;;;00775SM   ;10;Sportsbook;;;;;;;;;;
01196ZZ   ;07/12/2012;22512_XFER;22512;I;2;200;0;Vegas;;;;01196ZZ   ;10;Sportsbook;;;;;;;;;;
01196ZZ   ;21/12/2012;22512_XFER;22512;I;1;200;0;Vegas;;;;01284UW   ;10;Sportsbook;;;;;;;;;;
01284UW   ;30/10/2012;36;5;I;2;200;0;Sportsbook;;;;01284UW   ;8;Sportsbook;;;;;;;;;;
00C017    ;18/09/2012;22527_PRCH;22527;I;1;190;0;Poker;;;;00775SM   ;6;Sportsbook;;;;;;;;;;
00C017    ;21/10/2012;22527_PRCH;22527;I;2;190;0;Poker;;;;01284UW   ;6;Sportsbook;;;;;;;;;;
01152SJ   ;10/10/2012;22528_PRCH;22528;I;1;186,6368;0;Casino;;;;00775SM   ;5,25;Games;;;;;;;;;;
01152SJ   ;04/11/2012;22528_PRCH;22528;I;1;186,544;0;Casino;;;;00775SM   ;5;Sportsbook;;;;;;;;;;
00J381    ;08/09/2012;2;9;N;1;180;0;Sportsbook;;;;01284UW   ;5;Sportsbook;;;;;;;;;;
00J381    ;27/09/2012;2;9;M;2;180;0;Sportsbook;;;;00497XG   ;4,7;Games;;;;;;;;;;
00J381    ;20/10/2012;323;9;M;1;180;402,19;Sportsbook;;;;01284UW   ;4,5;Sportsbook;;;;;;;;;;
00J381    ;16/11/2012;323;9;M;1;180;1608,75;Sportsbook;;;;00775SM   ;4;Sportsbook;;;;;;;;;;
00J381    ;29/12/2012;1;5;M;3;180;0;Sportsbook;;;;00775SM   ;3;Sportsbook;;;;;;;;;;
01196ZZ   ;29/09/2012;1;5;I;5;180;91,67;Sportsbook;;;;00775SM   ;2,9;Bingo;;;;;;;;;;
00J381    ;17/11/2012;2;9;M;1;178;0;Sportsbook;;;;00775SM   ;2;Games;;;;;;;;;;
01152SJ   ;13/12/2012;22528_PRCH;22528;I;4;174,0428;0;Casino;;;;00497XG   ;1,36;Games;;;;;;;;;;
01152SJ   ;19/10/2012;22528_PRCH;22528;I;1;171,9011;0;Casino;;;;00775SM   ;0,25;Games;;;;;;;;;;
00J381    ;30/09/2012;1;5;M;4;170;0;Sportsbook;;;;00775SM   ;0,13;Games;;;;;;;;;;
00J381    ;30/11/2012;2;9;N;1;170;0;Sportsbook;;;;00357DG   ;0;Vegas;;;;;;;;;;
01152SJ   ;20/09/2012;22528_PRCH;22528;I;1;160,0591;0;Casino;;;;00357DG   ;0;Games;;;;;;;;;;
00C017    ;28/10/2012;22527_PRCH;22527;I;1;160;0;Poker;;;;00357DG   ;0;Bingo;;;;;;;;;;
00J381    ;19/10/2012;2;9;N;1;160;0;Sportsbook;;;;00497XG   ;0;Games;;;;;;;;;;
00J381    ;29/12/2012;;0;N;1;160;0;#NV;;;;00497XG   ;0;#NV;;;;;;;;;;
01196ZZ   ;23/09/2012;1;5;M;2;160;300,91;Sportsbook;;;;00775SM   ;0;Vegas;;;;;;;;;;
00J381    ;29/09/2012;1;5;M;5;155;0;Sportsbook;;;;00775SM   ;0;Games;;;;;;;;;;
01284UW   ;08/12/2012;46;5;I;14;155;97,75;Sportsbook;;;;00775SM   ;0;Bingo;;;;;;;;;;
00J381    ;10/09/2012;45;17;M;1;153,63;0;Sportsbook;;;;00C017    ;0;Poker;;;;;;;;;;
00C017    ;10/11/2012;22527_PRCH;22527;I;2;152,99;0;Poker;;;;00C017    ;0;Bingo;;;;;;;;;;
00357DG   ;05/12/2012;635;0;I;33;151;41,6;Games;;;;00J381    ;0;Sportsbook;;;;;;;;;;
00J381    ;26/11/2012;323;9;M;1;150,31;1343,4;Sportsbook;;;;01148BP   ;0;Sportsbook;;;;;;;;;;
00C017    ;16/09/2012;22527_PRCH;22527;I;2;150;0;Poker;;;;01152SJ   ;0;Poker;;;;;;;;;;
00C017    ;04/12/2012;22527_PRCH;22527;I;1;150;0;Poker;;;;01152SJ   ;0;Casino;;;;;;;;;;
00C017    ;12/12/2012;22527_PRCH;22527;I;2;150;0;Poker;;;;01196ZZ   ;0;Vegas;;;;;;;;;;
00C017    ;23/12/2012;22527_PRCH;22527;I;1;150;0;Poker;;;;01196ZZ   ;0;Casino;;;;;;;;;;
00J381    ;02/09/2012;323;9;M;1;150;0;Sportsbook;;;;01284UW   ;0;Sportsbook;;;;;;;;;;
00J381    ;03/09/2012;323;9;M;1;150;0;Sportsbook;;;;01148BP   ;-300;Sportsbook;;;;;;;;;;
00J381    ;12/09/2012;323;9;N;1;150;0;Sportsbook;;;;;;;;;;;;;;;;
00J381    ;14/09/2012;323;9;M;1;150;0;Sportsbook;;;;;;;;;;;;;;;;
00J381    ;15/09/2012;1;5;M;1;150;0;Sportsbook;;;;;;;;;;;;;;;;
00J381    ;15/09/2012;323;9;N;1;150;0;Sportsbook;;;;;;;;;;;;;;;;
00J381    ;18/09/2012;2;9;M;1;150;0;Sportsbook;;;;;;;;;;;;;;;;
00J381    ;19/09/2012;2;9;M;1;150;0;Sportsbook;;;;;;;;;;;;;;;;
00J381    ;20/09/2012;323;9;M;1;150;0;Sportsbook;;;;;;;;;;;;;;;;
00J381    ;20/09/2012;323;9;N;1;150;0;Sportsbook;;;;;;;;;;;;;;;;
00J381    ;23/09/2012;40;6;M;1;150;0;Sportsbook;;;;;;;;;;;;;;;;
00J381    ;26/09/2012;2;9;M;2;150;0;Sportsbook;;;;;;;;;;;;;;;;
00J381    ;26/09/2012;323;9;M;1;150;0;Sportsbook;;;;;;;;;;;;;;;;
00J381    ;04/10/2012;42;4;M;1;150;0;Sportsbook;;;;;;;;;;;;;;;;
00J381    ;06/10/2012;2;9;M;1;150;1406,25;Sportsbook;;;;;;;;;;;;;;;;
00J381    ;13/10/2012;40;6;M;1;150;0;Sportsbook;;;;;;;;;;;;;;;;
00J381    ;13/10/2012;323;9;M;1;150;0;Sportsbook;;;;;;;;;;;;;;;;
00J381    ;16/10/2012;323;9;N;1;150;0;Sportsbook;;;;;;;;;;;;;;;;
00J381    ;19/10/2012;323;9;N;1;150;0;Sportsbook;;;;;;;;;;;;;;;;
00J381    ;21/10/2012;323;9;N;1;150;0;Sportsbook;;;;;;;;;;;;;;;;
00J381    ;25/10/2012;323;9;N;1;150;0;Sportsbook;;;;;;;;;;;;;;;;
00J381    ;26/10/2012;323;9;M;1;150;0;Sportsbook;;;;;;;;;;;;;;;;
00J381    ;01/11/2012;323;9;N;1;150;0;Sportsbook;;;;;;;;;;;;;;;;
00J381    ;19/11/2012;323;9;M;1;150;0;Sportsbook;;;;;;;;;;;;;;;;
00J381    ;21/11/2012;323;9;M;1;150;0;Sportsbook;;;;;;;;;;;;;;;;
00J381    ;21/11/2012;323;9;N;1;150;0;Sportsbook;;;;;;;;;;;;;;;;
00J381    ;22/11/2012;2;9;M;1;150;0;Sportsbook;;;;;;;;;;;;;;;;
00J381    ;24/11/2012;;0;N;1;150;0;#NV;;;;;;;;;;;;;;;;
00J381    ;25/11/2012;323;9;N;1;150;0;Sportsbook;;;;;;;;;;;;;;;;
00J381    ;29/11/2012;2;9;M;1;150;0;Sportsbook;;;;;;;;;;;;;;;;
00J381    ;29/11/2012;323;9;M;1;150;0;Sportsbook;;;;;;;;;;;;;;;;
00J381    ;02/12/2012;323;9;M;1;150;0;Sportsbook;;;;;;;;;;;;;;;;
00J381    ;03/12/2012;323;9;M;1;150;0;Sportsbook;;;;;;;;;;;;;;;;
00J381    ;07/12/2012;2;9;N;1;150;0;Sportsbook;;;;;;;;;;;;;;;;
00J381    ;07/12/2012;323;9;N;1;150;0;Sportsbook;;;;;;;;;;;;;;;;
00J381    ;13/12/2012;323;9;M;1;150;0;Sportsbook;;;;;;;;;;;;;;;;
01284UW   ;14/10/2012;1;5;I;1;150;0;Sportsbook;;;;;;;;;;;;;;;;
01284UW   ;01/11/2012;274;5;I;1;150;0;Sportsbook;;;;;;;;;;;;;;;;
00357DG   ;08/12/2012;22512_XFER;22512;I;19;148;17,3;Vegas;;;;;;;;;;;;;;;;
01284UW   ;27/10/2012;46;5;I;3;145;0;Sportsbook;;;;;;;;;;;;;;;;
00J381    ;17/09/2012;40;6;M;1;143,13;0;Sportsbook;;;;;;;;;;;;;;;;
01284UW   ;13/11/2012;46;5;I;15;141,5;192,41;Sportsbook;;;;;;;;;;;;;;;;
00J381    ;04/09/2012;2;9;N;1;140;0;Sportsbook;;;;;;;;;;;;;;;;
00J381    ;09/09/2012;40;6;N;1;140;0;Sportsbook;;;;;;;;;;;;;;;;
00J381    ;22/09/2012;2;9;N;1;140;0;Sportsbook;;;;;;;;;;;;;;;;
00J381    ;22/09/2012;323;9;M;1;140;0;Sportsbook;;;;;;;;;;;;;;;;
00J381    ;25/09/2012;323;9;M;1;140;0;Sportsbook;;;;;;;;;;;;;;;;
00J381    ;18/10/2012;2;9;N;1;140;0;Sportsbook;;;;;;;;;;;;;;;;
01284UW   ;31/10/2012;274;5;I;2;140;0;Sportsbook;;;;;;;;;;;;;;;;
01152SJ   ;07/09/2012;22527_PRCH;22527;I;1;138,5216;0;Poker;;;;;;;;;;;;;;;;
01152SJ   ;18/12/2012;22527_PRCH;22527;I;1;137,5665;0;Poker;;;;;;;;;;;;;;;;
01152SJ   ;17/12/2012;22527_PRCH;22527;I;1;135,7116;0;Poker;;;;;;;;;;;;;;;;
00C017    ;29/12/2012;22508_STKE;22508;I;26;133,5;0;Bingo;;;;;;;;;;;;;;;;
00J381    ;05/11/2012;323;9;M;1;130;0;Sportsbook;;;;;;;;;;;;;;;;
00J381    ;30/11/2012;323;9;N;1;130;0;Sportsbook;;;;;;;;;;;;;;;;
00J381    ;06/12/2012;323;9;M;1;130;0;Sportsbook;;;;;;;;;;;;;;;;
00357DG   ;26/11/2012;182;0;I;63;126;91,66;Games;;;;;;;;;;;;;;;;
01152SJ   ;08/09/2012;22528_PRCH;22528;I;1;125,6834;0;Casino;;;;;;;;;;;;;;;;
01152SJ   ;30/10/2012;22527_PRCH;22527;I;1;125,4347;0;Poker;;;;;;;;;;;;;;;;
00J381    ;29/09/2012;323;9;M;1;125;0;Sportsbook;;;;;;;;;;;;;;;;
01148BP   ;03/10/2012;2;9;N;1;125;0;Sportsbook;;;;;;;;;;;;;;;;
01152SJ   ;24/10/2012;22528_PRCH;22528;I;1;124,8284;0;Casino;;;;;;;;;;;;;;;;
01152SJ   ;27/11/2012;22528_PRCH;22528;I;1;124,7738;0;Casino;;;;;;;;;;;;;;;;
00C017    ;05/09/2012;22527_PRCH;22527;I;1;122;0;Poker;;;;;;;;;;;;;;;;
01284UW   ;24/12/2012;274;5;I;7;121,7;0,46;Sportsbook;;;;;;;;;;;;;;;;
00J381    ;27/12/2012;2;9;M;1;120,38;0;Sportsbook;;;;;;;;;;;;;;;;
00C017    ;10/09/2012;22527_PRCH;22527;I;1;120;0;Poker;;;;;;;;;;;;;;;;
00C017    ;14/11/2012;22527_PRCH;22527;I;1;120;0;Poker;;;;;;;;;;;;;;;;
00J381    ;08/09/2012;323;9;N;1;120;0;Sportsbook;;;;;;;;;;;;;;;;
00J381    ;14/09/2012;323;9;N;1;120;0;Sportsbook;;;;;;;;;;;;;;;;
00J381    ;27/09/2012;323;9;M;2;120;625,63;Sportsbook;;;;;;;;;;;;;;;;
00J381    ;29/09/2012;2;9;M;1;120;0;Sportsbook;;;;;;;;;;;;;;;;
00J381    ;18/10/2012;323;9;N;1;120;0;Sportsbook;;;;;;;;;;;;;;;;
00J381    ;23/10/2012;275;5;N;1;120;0;Sportsbook;;;;;;;;;;;;;;;;
00J381    ;27/10/2012;323;9;N;1;120;0;Sportsbook;;;;;;;;;;;;;;;;
00J381    ;03/11/2012;323;9;I;1;120;0;Sportsbook;;;;;;;;;;;;;;;;
00357DG   ;20/11/2012;638;0;I;58;116;90;Games;;;;;;;;;;;;;;;;
00J381    ;22/09/2012;;0;N;1;116;1036,75;#NV;;;;;;;;;;;;;;;;
01284UW   ;04/12/2012;274;5;I;3;115;91,88;Sportsbook;;;;;;;;;;;;;;;;
00J381    ;03/11/2012;323;9;N;1;110;0;Sportsbook;;;;;;;;;;;;;;;;
01196ZZ   ;13/10/2012;3;8;M;2;105;52,5;Sportsbook;;;;;;;;;;;;;;;;
01284UW   ;23/12/2012;274;5;I;4;102;0;Sportsbook;;;;;;;;;;;;;;;;
00J381    ;07/12/2012;323;9;M;1;100,07;0;Sportsbook;;;;;;;;;;;;;;;;
00357DG   ;17/11/2012;275;5;I;2;100;0;Sportsbook;;;;;;;;;;;;;;;;
00C017    ;06/09/2012;22527_PRCH;22527;I;1;100;0;Poker;;;;;;;;;;;;;;;;
00C017    ;09/09/2012;22527_PRCH;22527;I;1;100;0;Poker;;;;;;;;;;;;;;;;
00C017    ;10/10/2012;22527_PRCH;22527;I;1;100;0;Poker;;;;;;;;;;;;;;;;
00C017    ;06/11/2012;22527_PRCH;22527;I;1;100;0;Poker;;;;;;;;;;;;;;;;
00C017    ;11/11/2012;22527_PRCH;22527;I;1;100;0;Poker;;;;;;;;;;;;;;;;
00J381    ;04/09/2012;323;9;M;1;100;0;Sportsbook;;;;;;;;;;;;;;;;
00J381    ;11/09/2012;2;9;N;1;100;0;Sportsbook;;;;;;;;;;;;;;;;
00J381    ;26/09/2012;1;5;M;2;100;0;Sportsbook;;;;;;;;;;;;;;;;
00J381    ;28/09/2012;40;6;M;1;100;0;Sportsbook;;;;;;;;;;;;;;;;
00J381    ;04/10/2012;40;6;M;1;100;0;Sportsbook;;;;;;;;;;;;;;;;
00J381    ;09/10/2012;2;9;M;1;100;0;Sportsbook;;;;;;;;;;;;;;;;
00J381    ;28/10/2012;323;9;N;1;100;0;Sportsbook;;;;;;;;;;;;;;;;
00J381    ;31/10/2012;2;9;N;1;100;0;Sportsbook;;;;;;;;;;;;;;;;
00J381    ;31/10/2012;323;9;N;1;100;0;Sportsbook;;;;;;;;;;;;;;;;
00J381    ;10/11/2012;1;5;N;1;100;0;Sportsbook;;;;;;;;;;;;;;;;
00J381    ;15/11/2012;323;9;N;1;100;0;Sportsbook;;;;;;;;;;;;;;;;
00J381    ;22/11/2012;275;5;N;2;100;0;Sportsbook;;;;;;;;;;;;;;;;
00J381    ;24/11/2012;323;9;M;1;100;0;Sportsbook;;;;;;;;;;;;;;;;
01196ZZ   ;01/09/2012;2;9;I;1;100;0;Sportsbook;;;;;;;;;;;;;;;;
01196ZZ   ;01/09/2012;22528_PRCH;22528;I;1;100;0;Casino;;;;;;;;;;;;;;;;
01196ZZ   ;24/09/2012;1;5;M;1;100;0;Sportsbook;;;;;;;;;;;;;;;;
01196ZZ   ;06/10/2012;10;16;I;1;100;1000;Sportsbook;;;;;;;;;;;;;;;;
01196ZZ   ;20/10/2012;323;9;I;1;100;350;Sportsbook;;;;;;;;;;;;;;;;
01196ZZ   ;02/11/2012;2;9;I;1;100;0;Sportsbook;;;;;;;;;;;;;;;;
01196ZZ   ;18/11/2012;1;5;I;2;100;275;Sportsbook;;;;;;;;;;;;;;;;
01196ZZ   ;08/12/2012;3;8;I;1;100;0;Sportsbook;;;;;;;;;;;;;;;;
01196ZZ   ;18/12/2012;22512_XFER;22512;I;2;100;0;Vegas;;;;;;;;;;;;;;;;
01284UW   ;03/12/2012;274;5;I;8;100;276;Sportsbook;;;;;;;;;;;;;;;;
01152SJ   ;05/10/2012;22527_PRCH;22527;I;1;99,3357;0;Poker;;;;;;;;;;;;;;;;
00C017    ;19/10/2012;22508_STKE;22508;I;11;97,2;0;Bingo;;;;;;;;;;;;;;;;
00357DG   ;13/11/2012;612;0;I;16;96;35,25;Games;;;;;;;;;;;;;;;;
01284UW   ;09/11/2012;46;5;I;10;92;67,2;Sportsbook;;;;;;;;;;;;;;;;
00357DG   ;19/11/2012;638;0;I;45;90;19,5;Games;;;;;;;;;;;;;;;;
01196ZZ   ;18/11/2012;3;8;I;1;90;0;Sportsbook;;;;;;;;;;;;;;;;
01196ZZ   ;11/12/2012;1;5;I;3;90;0;Sportsbook;;;;;;;;;;;;;;;;
01284UW   ;25/12/2012;46;5;I;3;88;186,9;Sportsbook;;;;;;;;;;;;;;;;
01284UW   ;14/11/2012;36;5;I;11;83,1;0;Sportsbook;;;;;;;;;;;;;;;;
00357DG   ;17/11/2012;635;0;I;29;82;32,3;Games;;;;;;;;;;;;;;;;
01152SJ   ;19/09/2012;22527_PRCH;22527;I;2;80,0838;0;Poker;;;;;;;;;;;;;;;;
00J381    ;16/09/2012;46;5;M;1;80;0;Sportsbook;;;;;;;;;;;;;;;;
00J381    ;28/09/2012;385;6;M;1;80;0;Sportsbook;;;;;;;;;;;;;;;;
00J381    ;23/10/2012;275;5;M;1;80;0;Sportsbook;;;;;;;;;;;;;;;;
00J381    ;04/11/2012;1;5;M;1;80;0;Sportsbook;;;;;;;;;;;;;;;;
00357DG   ;26/10/2012;612;0;I;38;76;26,25;Games;;;;;;;;;;;;;;;;
01284UW   ;30/11/2012;1;5;I;3;76;0;Sportsbook;;;;;;;;;;;;;;;;
01284UW   ;09/11/2012;274;5;I;7;75;0;Sportsbook;;;;;;;;;;;;;;;;
00357DG   ;14/11/2012;601;0;I;17;72;20,5;Games;;;;;;;;;;;;;;;;
00J381    ;12/12/2012;2;9;M;1;70,13;0;Sportsbook;;;;;;;;;;;;;;;;
01284UW   ;26/12/2012;1;5;I;8;68;19,61;Sportsbook;;;;;;;;;;;;;;;;
01284UW   ;22/12/2012;274;5;I;6;67;125,63;Sportsbook;;;;;;;;;;;;;;;;
00357DG   ;20/11/2012;601;0;I;32;64;15;Games;;;;;;;;;;;;;;;;
01284UW   ;02/12/2012;40;6;I;3;64;0;Sportsbook;;;;;;;;;;;;;;;;
01152SJ   ;05/09/2012;22528_PRCH;22528;I;1;62,9802;0;Casino;;;;;;;;;;;;;;;;
01152SJ   ;14/09/2012;22527_PRCH;22527;I;1;62,1504;0;Poker;;;;;;;;;;;;;;;;
01152SJ   ;20/10/2012;22528_PRCH;22528;I;1;62,004;0;Casino;;;;;;;;;;;;;;;;
01152SJ   ;28/09/2012;22528_PRCH;22528;I;1;61,8276;0;Casino;;;;;;;;;;;;;;;;
00357DG   ;30/11/2012;638;0;I;30;60;40,25;Games;;;;;;;;;;;;;;;;
00J381    ;25/09/2012;2;9;M;1;60;0;Sportsbook;;;;;;;;;;;;;;;;
01196ZZ   ;25/09/2012;22528_PRCH;22528;I;1;60;0;Casino;;;;;;;;;;;;;;;;
01196ZZ   ;27/10/2012;1;5;I;2;60;0;Sportsbook;;;;;;;;;;;;;;;;
01284UW   ;28/12/2012;274;5;I;10;58,2;74,18;Sportsbook;;;;;;;;;;;;;;;;
01284UW   ;28/10/2012;46;5;I;8;58;0;Sportsbook;;;;;;;;;;;;;;;;
01284UW   ;19/12/2012;274;5;I;3;55;99,5;Sportsbook;;;;;;;;;;;;;;;;
01284UW   ;29/12/2012;1;5;I;14;54,97;17,02;Sportsbook;;;;;;;;;;;;;;;;
00J381    ;21/10/2012;2;9;M;1;50,19;0;Sportsbook;;;;;;;;;;;;;;;;
00C017    ;22/09/2012;22527_PRCH;22527;I;1;50;0;Poker;;;;;;;;;;;;;;;;
00J381    ;04/10/2012;2;9;M;1;50;0;Sportsbook;;;;;;;;;;;;;;;;
00J381    ;12/10/2012;36;5;M;2;50;0;Sportsbook;;;;;;;;;;;;;;;;
00J381    ;04/11/2012;1;5;N;2;50;0;Sportsbook;;;;;;;;;;;;;;;;
01196ZZ   ;13/10/2012;10;16;M;5;50;0;Sportsbook;;;;;;;;;;;;;;;;
01196ZZ   ;24/11/2012;22528_PRCH;22528;I;1;50;0;Casino;;;;;;;;;;;;;;;;
01284UW   ;13/11/2012;1;5;I;6;50;0;Sportsbook;;;;;;;;;;;;;;;;
01284UW   ;24/12/2012;1;5;I;5;50;0;Sportsbook;;;;;;;;;;;;;;;;
00357DG   ;10/11/2012;22508_STKE;22508;I;27;49,8;0;Bingo;;;;;;;;;;;;;;;;
00775SM   ;25/09/2012;452;0;I;24;49,25;27,75;Games;;;;;;;;;;;;;;;;
00357DG   ;14/11/2012;638;0;I;24;48;9,25;Games;;;;;;;;;;;;;;;;
01284UW   ;25/12/2012;273;3;I;2;46;0;Sportsbook;;;;;;;;;;;;;;;;
01284UW   ;27/11/2012;46;5;I;8;41;0;Sportsbook;;;;;;;;;;;;;;;;
01284UW   ;06/12/2012;46;5;I;6;40,3;95,7;Sportsbook;;;;;;;;;;;;;;;;
01196ZZ   ;23/09/2012;2;9;M;1;40;0;Sportsbook;;;;;;;;;;;;;;;;
01196ZZ   ;23/09/2012;22528_PRCH;22528;I;1;40;0;Casino;;;;;;;;;;;;;;;;
01196ZZ   ;23/10/2012;1;5;I;5;40;0;Sportsbook;;;;;;;;;;;;;;;;
01196ZZ   ;10/11/2012;1;5;I;2;40;0;Sportsbook;;;;;;;;;;;;;;;;
01196ZZ   ;26/11/2012;22528_PRCH;22528;I;2;40;0;Casino;;;;;;;;;;;;;;;;
01196ZZ   ;13/12/2012;3;8;I;1;40;0;Sportsbook;;;;;;;;;;;;;;;;
01284UW   ;27/11/2012;1;5;I;7;39,51;0;Sportsbook;;;;;;;;;;;;;;;;
01284UW   ;03/12/2012;1;5;I;4;39,3;0;Sportsbook;;;;;;;;;;;;;;;;
00775SM   ;13/10/2012;22512_XFER;22512;I;20;39;9;Vegas;;;;;;;;;;;;;;;;
01284UW   ;03/12/2012;36;5;I;6;38;90;Sportsbook;;;;;;;;;;;;;;;;
01284UW   ;19/12/2012;1;5;I;3;38;16,21;Sportsbook;;;;;;;;;;;;;;;;
01284UW   ;08/12/2012;1;5;I;7;37;0;Sportsbook;;;;;;;;;;;;;;;;
00775SM   ;29/09/2012;452;0;I;25;36,5;33;Games;;;;;;;;;;;;;;;;
00775SM   ;18/09/2012;452;0;I;16;34,75;2,25;Games;;;;;;;;;;;;;;;;
01284UW   ;16/11/2012;46;5;I;6;34,5;0;Sportsbook;;;;;;;;;;;;;;;;
01152SJ   ;03/10/2012;22527_PRCH;22527;I;1;30,9828;0;Poker;;;;;;;;;;;;;;;;
00775SM   ;23/09/2012;22512_XFER;22512;I;9;30,77;15,47;Vegas;;;;;;;;;;;;;;;;
01284UW   ;29/10/2012;46;5;I;2;30;1035;Sportsbook;;;;;;;;;;;;;;;;
01284UW   ;20/12/2012;274;5;I;3;25;13,15;Sportsbook;;;;;;;;;;;;;;;;
00775SM   ;17/09/2012;22512_XFER;22512;I;15;24,6;4,75;Vegas;;;;;;;;;;;;;;;;
00357DG   ;15/11/2012;638;0;I;12;24;3;Games;;;;;;;;;;;;;;;;
00775SM   ;20/09/2012;22512_XFER;22512;I;12;24;4,4;Vegas;;;;;;;;;;;;;;;;
01284UW   ;06/12/2012;36;5;I;3;24;0;Sportsbook;;;;;;;;;;;;;;;;
01284UW   ;08/12/2012;274;5;I;4;20,6;0;Sportsbook;;;;;;;;;;;;;;;;
00357DG   ;17/11/2012;22528_PRCH;22528;I;1;20;0;Casino;;;;;;;;;;;;;;;;
00775SM   ;30/09/2012;22528_PRCH;22528;I;1;20;0;Casino;;;;;;;;;;;;;;;;
01196ZZ   ;23/10/2012;275;5;I;2;20;0;Sportsbook;;;;;;;;;;;;;;;;
01196ZZ   ;28/11/2012;1;5;I;1;20;0;Sportsbook;;;;;;;;;;;;;;;;
01284UW   ;30/11/2012;36;5;I;2;20;0;Sportsbook;;;;;;;;;;;;;;;;
01284UW   ;19/12/2012;46;5;I;1;20;60;Sportsbook;;;;;;;;;;;;;;;;
01284UW   ;10/12/2012;46;5;I;4;19;0;Sportsbook;;;;;;;;;;;;;;;;
00497XG   ;03/09/2012;453;0;I;32;18,6;9,35;Games;;;;;;;;;;;;;;;;
00775SM   ;20/09/2012;2;9;I;2;18;0;Sportsbook;;;;;;;;;;;;;;;;
01284UW   ;05/11/2012;46;5;I;3;18;0;Sportsbook;;;;;;;;;;;;;;;;
01284UW   ;13/11/2012;36;5;I;1;18;0;Sportsbook;;;;;;;;;;;;;;;;
01284UW   ;28/12/2012;1;5;I;3;13,85;0;Sportsbook;;;;;;;;;;;;;;;;
01152SJ   ;26/11/2012;22528_PRCH;22528;I;1;13,1013;0;Casino;;;;;;;;;;;;;;;;
00775SM   ;20/09/2012;452;0;I;7;12,8;1,9;Games;;;;;;;;;;;;;;;;
01152SJ   ;23/09/2012;22527_PRCH;22527;I;1;12,3084;0;Poker;;;;;;;;;;;;;;;;
01284UW   ;27/12/2012;274;5;I;4;10,7;3,2;Sportsbook;;;;;;;;;;;;;;;;
00775SM   ;15/09/2012;2;9;I;1;10;0;Sportsbook;;;;;;;;;;;;;;;;
00775SM   ;16/09/2012;2;9;I;1;10;0;Sportsbook;;;;;;;;;;;;;;;;
00775SM   ;23/09/2012;2;9;I;2;10;15,38;Sportsbook;;;;;;;;;;;;;;;;
01196ZZ   ;10/11/2012;46;5;I;1;10;0;Sportsbook;;;;;;;;;;;;;;;;
01196ZZ   ;18/11/2012;46;5;I;1;10;0;Sportsbook;;;;;;;;;;;;;;;;
01196ZZ   ;24/11/2012;1;5;I;1;10;0;Sportsbook;;;;;;;;;;;;;;;;
01284UW   ;27/10/2012;1;5;I;1;10;0;Sportsbook;;;;;;;;;;;;;;;;
01284UW   ;06/12/2012;274;5;I;2;10;0;Sportsbook;;;;;;;;;;;;;;;;
01284UW   ;22/12/2012;36;5;I;2;8;0;Sportsbook;;;;;;;;;;;;;;;;
00775SM   ;17/09/2012;2;9;I;1;6;9;Sportsbook;;;;;;;;;;;;;;;;
01284UW   ;09/12/2012;1;5;I;1;6;0;Sportsbook;;;;;;;;;;;;;;;;
00775SM   ;02/10/2012;452;0;I;3;5,25;0;Games;;;;;;;;;;;;;;;;
00775SM   ;20/09/2012;38;9;I;5;5;0;Sportsbook;;;;;;;;;;;;;;;;
00775SM   ;07/10/2012;2;9;I;1;5;26;Sportsbook;;;;;;;;;;;;;;;;
01284UW   ;16/11/2012;274;5;I;1;5;0;Sportsbook;;;;;;;;;;;;;;;;
01284UW   ;04/12/2012;36;5;I;1;5;0;Sportsbook;;;;;;;;;;;;;;;;
00497XG   ;03/09/2012;452;0;I;19;4,7;2,4;Games;;;;;;;;;;;;;;;;
01284UW   ;09/12/2012;46;5;I;2;4,5;0;Sportsbook;;;;;;;;;;;;;;;;
00775SM   ;17/09/2012;38;9;I;4;4;23,4;Sportsbook;;;;;;;;;;;;;;;;
00775SM   ;19/09/2012;38;9;I;3;3;16,9;Sportsbook;;;;;;;;;;;;;;;;
00775SM   ;20/10/2012;22508_STKE;22508;I;2;2,9;0;Bingo;;;;;;;;;;;;;;;;
00775SM   ;19/09/2012;453;0;I;1;2;0;Games;;;;;;;;;;;;;;;;
00497XG   ;04/10/2012;452;0;I;14;1,36;0,2;Games;;;;;;;;;;;;;;;;
00775SM   ;23/09/2012;452;0;I;1;0,25;0;Games;;;;;;;;;;;;;;;;
00775SM   ;25/11/2012;635;0;I;13;0,13;0;Games;;;;;;;;;;;;;;;;
00357DG   ;19/09/2012;BONS_VEGA;0;I;0;0;7,49;Vegas;;;;;;;;;;;;;;;;
00357DG   ;12/10/2012;22522_SALE;22522;I;0;0;25;Vegas;;;;;;;;;;;;;;;;
00357DG   ;24/10/2012;BONS_VEGA;0;I;0;0;50;Vegas;;;;;;;;;;;;;;;;
00357DG   ;30/10/2012;BONS_GAM;0;I;0;0;4,98;Games;;;;;;;;;;;;;;;;
00357DG   ;31/10/2012;BONS_VEGA;0;I;0;0;38,01;Vegas;;;;;;;;;;;;;;;;
00357DG   ;02/11/2012;22522_SALE;22522;I;0;0;25;Vegas;;;;;;;;;;;;;;;;
00357DG   ;06/11/2012;22522_SALE;22522;I;0;0;20;Vegas;;;;;;;;;;;;;;;;
00357DG   ;07/11/2012;BONS_VEGA;0;I;0;0;41,32;Vegas;;;;;;;;;;;;;;;;
00357DG   ;09/11/2012;22522_SALE;22522;I;0;0;20;Vegas;;;;;;;;;;;;;;;;
00357DG   ;10/11/2012;22508_RTNS;22508;I;0;0;6,85;Bingo;;;;;;;;;;;;;;;;
00357DG   ;10/11/2012;22522_SALE;22522;I;0;0;25;Vegas;;;;;;;;;;;;;;;;
00357DG   ;11/11/2012;BONS_VEGA;0;I;0;0;70;Vegas;;;;;;;;;;;;;;;;
00357DG   ;12/11/2012;BONS_GAM;0;I;0;0;15,3;Games;;;;;;;;;;;;;;;;
00357DG   ;14/11/2012;BONS_VEGA;0;I;0;0;444,14;Vegas;;;;;;;;;;;;;;;;
00357DG   ;14/11/2012;22522_SALE;22522;I;0;0;20;Vegas;;;;;;;;;;;;;;;;
00357DG   ;15/11/2012;BONS_VEGA;0;I;0;0;200;Vegas;;;;;;;;;;;;;;;;
00357DG   ;15/11/2012;22522_SALE;22522;I;0;0;45;Vegas;;;;;;;;;;;;;;;;
00357DG   ;19/11/2012;BONS_GAM;0;I;0;0;50;Games;;;;;;;;;;;;;;;;
00357DG   ;20/11/2012;22522_SALE;22522;I;0;0;50;Vegas;;;;;;;;;;;;;;;;
00357DG   ;21/11/2012;BONS_VEGA;0;I;0;0;1058,09;Vegas;;;;;;;;;;;;;;;;
00357DG   ;23/11/2012;BONS_VEGA;0;I;0;0;100;Vegas;;;;;;;;;;;;;;;;
00357DG   ;24/11/2012;22522_SALE;22522;I;0;0;75;Vegas;;;;;;;;;;;;;;;;
00357DG   ;26/11/2012;BONS_GAM;0;I;0;0;55,21;Games;;;;;;;;;;;;;;;;
00357DG   ;27/11/2012;BONS_VEGA;0;I;0;0;350;Vegas;;;;;;;;;;;;;;;;
00357DG   ;28/11/2012;22522_SALE;22522;I;0;0;100;Vegas;;;;;;;;;;;;;;;;
00357DG   ;28/11/2012;BONS_VEGA;0;I;0;0;930,8;Vegas;;;;;;;;;;;;;;;;
00357DG   ;29/11/2012;BONS_VEGA;0;I;0;0;250;Vegas;;;;;;;;;;;;;;;;
00357DG   ;01/12/2012;BONS_VEGA;0;I;0;0;400;Vegas;;;;;;;;;;;;;;;;
00357DG   ;03/12/2012;BONS_GAM;0;I;0;0;27,02;Games;;;;;;;;;;;;;;;;
00357DG   ;05/12/2012;22522_SALE;22522;I;0;0;70;Vegas;;;;;;;;;;;;;;;;
00357DG   ;05/12/2012;BONS_VEGA;0;I;0;0;1036,53;Vegas;;;;;;;;;;;;;;;;
00357DG   ;10/12/2012;BONS_GAM;0;I;0;0;11,14;Games;;;;;;;;;;;;;;;;
00357DG   ;12/12/2012;BONS_VEGA;0;I;0;0;172,01;Vegas;;;;;;;;;;;;;;;;
00497XG   ;02/09/2012;434;0;I;0;0;4,95;Games;;;;;;;;;;;;;;;;
00497XG   ;03/09/2012;BONS_GAM;0;I;0;0;11,55;Games;;;;;;;;;;;;;;;;
00497XG   ;12/09/2012;BONS_GAM;0;I;0;0;1,16;Games;;;;;;;;;;;;;;;;
00497XG   ;24/12/2012;579;0;I;0;0;922;Games;;;;;;;;;;;;;;;;
00497XG   ;24/12/2012;616;0;I;0;0;42,5;Games;;;;;;;;;;;;;;;;
00497XG   ;25/12/2012;;0;I;0;0;194;#NV;;;;;;;;;;;;;;;;
00497XG   ;25/12/2012;579;0;I;0;0;328,05;Games;;;;;;;;;;;;;;;;
00497XG   ;26/12/2012;579;0;I;0;0;447,9;Games;;;;;;;;;;;;;;;;
00497XG   ;26/12/2012;616;0;I;0;0;20;Games;;;;;;;;;;;;;;;;
00497XG   ;27/12/2012;;0;I;0;0;83,9;#NV;;;;;;;;;;;;;;;;
00497XG   ;27/12/2012;579;0;I;0;0;242,5;Games;;;;;;;;;;;;;;;;
00497XG   ;30/12/2012;579;0;I;0;0;221;Games;;;;;;;;;;;;;;;;
00497XG   ;31/12/2012;579;0;I;0;0;198;Games;;;;;;;;;;;;;;;;
00775SM   ;19/09/2012;BONS_VEGA;0;I;0;0;1,99;Vegas;;;;;;;;;;;;;;;;
00775SM   ;24/09/2012;BONS_GAM;0;I;0;0;1,32;Games;;;;;;;;;;;;;;;;
00775SM   ;26/09/2012;BONS_VEGA;0;I;0;0;3,49;Vegas;;;;;;;;;;;;;;;;
00775SM   ;30/09/2012;22508_RTNS;22508;I;0;0;346;Bingo;;;;;;;;;;;;;;;;
00775SM   ;01/10/2012;BONS_GAM;0;I;0;0;2,5;Games;;;;;;;;;;;;;;;;
00775SM   ;07/10/2012;22508_RTNS;22508;I;0;0;526;Bingo;;;;;;;;;;;;;;;;
00775SM   ;17/10/2012;BONS_VEGA;0;I;0;0;3;Vegas;;;;;;;;;;;;;;;;
00C017    ;07/09/2012;22527_SALE;22527;I;0;0;200;Poker;;;;;;;;;;;;;;;;
00C017    ;10/09/2012;22508_RTNS;22508;I;0;0;524,43;Bingo;;;;;;;;;;;;;;;;
00C017    ;10/09/2012;22527_SALE;22527;I;0;0;900;Poker;;;;;;;;;;;;;;;;
00C017    ;28/09/2012;22508_RTNS;22508;I;0;0;255,66;Bingo;;;;;;;;;;;;;;;;
00C017    ;28/09/2012;22527_SALE;22527;I;0;0;400;Poker;;;;;;;;;;;;;;;;
00C017    ;29/09/2012;22527_SALE;22527;I;0;0;100;Poker;;;;;;;;;;;;;;;;
00C017    ;11/10/2012;22527_SALE;22527;I;0;0;250;Poker;;;;;;;;;;;;;;;;
00C017    ;19/10/2012;22527_SALE;22527;I;0;0;100;Poker;;;;;;;;;;;;;;;;
00C017    ;19/10/2012;22508_RTNS;22508;I;0;0;0;Bingo;;;;;;;;;;;;;;;;
00C017    ;26/10/2012;22527_SALE;22527;I;0;0;200;Poker;;;;;;;;;;;;;;;;
00C017    ;12/11/2012;22527_SALE;22527;I;0;0;1500;Poker;;;;;;;;;;;;;;;;
00C017    ;18/11/2012;22527_SALE;22527;I;0;0;4000;Poker;;;;;;;;;;;;;;;;
00C017    ;24/11/2012;22527_SALE;22527;I;0;0;200;Poker;;;;;;;;;;;;;;;;
00C017    ;25/11/2012;22527_SALE;22527;I;0;0;500;Poker;;;;;;;;;;;;;;;;
00C017    ;30/11/2012;22527_SALE;22527;I;0;0;1000;Poker;;;;;;;;;;;;;;;;
00C017    ;01/12/2012;22527_SALE;22527;I;0;0;1000;Poker;;;;;;;;;;;;;;;;
00C017    ;02/12/2012;22508_RTNS;22508;I;0;0;233;Bingo;;;;;;;;;;;;;;;;
00C017    ;14/12/2012;22527_SALE;22527;I;0;0;500;Poker;;;;;;;;;;;;;;;;
00C017    ;21/12/2012;22527_SALE;22527;I;0;0;500;Poker;;;;;;;;;;;;;;;;
00C017    ;29/12/2012;22508_RTNS;22508;I;0;0;34;Bingo;;;;;;;;;;;;;;;;
00C017    ;29/12/2012;22527_SALE;22527;I;0;0;600;Poker;;;;;;;;;;;;;;;;
00J381    ;11/09/2012;45;17;M;0;0;460,89;Sportsbook;;;;;;;;;;;;;;;;
00J381    ;23/09/2012;5;11;M;0;0;1194;Sportsbook;;;;;;;;;;;;;;;;
00J381    ;30/09/2012;385;6;M;0;0;280;Sportsbook;;;;;;;;;;;;;;;;
00J381    ;08/10/2012;40;6;M;0;0;511,31;Sportsbook;;;;;;;;;;;;;;;;
00J381    ;08/11/2012;2;9;M;1;0;0;Sportsbook;;;;;;;;;;;;;;;;
00J381    ;25/11/2012;40;6;M;0;0;474,31;Sportsbook;;;;;;;;;;;;;;;;
00J381    ;09/12/2012;42;4;M;0;0;610;Sportsbook;;;;;;;;;;;;;;;;
01148BP   ;17/10/2012;GWIL_SPRT;0;I;0;0;800;Sportsbook;;;;;;;;;;;;;;;;
01148BP   ;20/11/2012;BETC_RET;0;I;0;0;500;Sportsbook;;;;;;;;;;;;;;;;
01148BP   ;09/12/2012;BONS_SPRB;0;I;0;0;100;Sportsbook;;;;;;;;;;;;;;;;
01152SJ   ;01/09/2012;22527_SALE;22527;I;0;0;884,788;Poker;;;;;;;;;;;;;;;;
01152SJ   ;01/09/2012;22528_SALE;22528;I;0;0;631,9914;Casino;;;;;;;;;;;;;;;;
01152SJ   ;04/09/2012;22527_SALE;22527;I;0;0;509,8954;Poker;;;;;;;;;;;;;;;;
01152SJ   ;04/09/2012;22528_SALE;22528;I;0;0;630,2786;Casino;;;;;;;;;;;;;;;;
01152SJ   ;06/09/2012;22527_SALE;22527;I;0;0;586,717;Poker;;;;;;;;;;;;;;;;
01152SJ   ;08/09/2012;22527_SALE;22527;I;0;0;1508,2825;Poker;;;;;;;;;;;;;;;;
01152SJ   ;08/09/2012;22528_SALE;22528;I;0;0;565,6067;Casino;;;;;;;;;;;;;;;;
01152SJ   ;09/09/2012;22527_SALE;22527;I;0;0;1628,6644;Poker;;;;;;;;;;;;;;;;
01152SJ   ;09/09/2012;22528_SALE;22528;I;0;0;1002,2551;Casino;;;;;;;;;;;;;;;;
01152SJ   ;14/09/2012;22527_SALE;22527;I;0;0;374,4562;Poker;;;;;;;;;;;;;;;;
01152SJ   ;15/09/2012;22528_SALE;22528;I;0;0;124,0926;Casino;;;;;;;;;;;;;;;;
01152SJ   ;19/09/2012;22527_SALE;22527;I;0;0;123,2058;Poker;;;;;;;;;;;;;;;;
01152SJ   ;23/09/2012;22528_SALE;22528;I;0;0;12,3084;Casino;;;;;;;;;;;;;;;;
01152SJ   ;26/09/2012;22527_SALE;22527;I;0;0;645,7383;Poker;;;;;;;;;;;;;;;;
01152SJ   ;26/09/2012;22528_SALE;22528;I;0;0;214,0126;Casino;;;;;;;;;;;;;;;;
01152SJ   ;01/10/2012;22528_SALE;22528;I;0;0;620,0903;Casino;;;;;;;;;;;;;;;;
01152SJ   ;04/10/2012;22528_SALE;22528;I;0;0;920,4088;Casino;;;;;;;;;;;;;;;;
01152SJ   ;04/10/2012;22527_SALE;22527;I;0;0;864,3543;Poker;;;;;;;;;;;;;;;;
01152SJ   ;11/10/2012;22527_SALE;22527;I;0;0;374,5318;Poker;;;;;;;;;;;;;;;;
01152SJ   ;13/10/2012;22527_SALE;22527;I;0;0;1060,9748;Poker;;;;;;;;;;;;;;;;
01152SJ   ;13/10/2012;22528_SALE;22528;I;0;0;400,0499;Casino;;;;;;;;;;;;;;;;
01152SJ   ;14/10/2012;22527_SALE;22527;I;0;0;2365,0121;Poker;;;;;;;;;;;;;;;;
01152SJ   ;14/10/2012;22528_SALE;22528;I;0;0;949,7415;Casino;;;;;;;;;;;;;;;;
01152SJ   ;15/10/2012;22528_SALE;22528;I;0;0;1557,7677;Casino;;;;;;;;;;;;;;;;
01152SJ   ;15/10/2012;22527_SALE;22527;I;0;0;2115,3487;Poker;;;;;;;;;;;;;;;;
01152SJ   ;16/10/2012;22527_SALE;22527;I;0;0;2239,781;Poker;;;;;;;;;;;;;;;;
01152SJ   ;16/10/2012;22528_SALE;22528;I;0;0;2177,5649;Casino;;;;;;;;;;;;;;;;
01152SJ   ;17/10/2012;22527_SALE;22527;I;0;0;4110,1009;Poker;;;;;;;;;;;;;;;;
01152SJ   ;17/10/2012;22528_SALE;22528;I;0;0;1743,6792;Casino;;;;;;;;;;;;;;;;
01152SJ   ;18/10/2012;22527_SALE;22527;I;0;0;1120,6735;Poker;;;;;;;;;;;;;;;;
01152SJ   ;18/10/2012;22528_SALE;22528;I;0;0;961,2875;Casino;;;;;;;;;;;;;;;;
01152SJ   ;19/10/2012;22527_SALE;22527;I;0;0;171,9011;Poker;;;;;;;;;;;;;;;;
01152SJ   ;20/10/2012;22528_SALE;22528;I;0;0;930,9276;Casino;;;;;;;;;;;;;;;;
01152SJ   ;25/10/2012;22527_SALE;22527;I;0;0;1188,54;Poker;;;;;;;;;;;;;;;;
01152SJ   ;25/10/2012;22528_SALE;22528;I;0;0;3502,2833;Casino;;;;;;;;;;;;;;;;
01152SJ   ;27/10/2012;22527_SALE;22527;I;0;0;623,6014;Poker;;;;;;;;;;;;;;;;
01152SJ   ;30/10/2012;22527_SALE;22527;I;0;0;215,4744;Poker;;;;;;;;;;;;;;;;
01152SJ   ;30/10/2012;22528_SALE;22528;I;0;0;125,4347;Casino;;;;;;;;;;;;;;;;
01152SJ   ;04/11/2012;22527_SALE;22527;I;0;0;186,544;Poker;;;;;;;;;;;;;;;;
01152SJ   ;04/11/2012;22528_SALE;22528;I;0;0;621,8132;Casino;;;;;;;;;;;;;;;;
01152SJ   ;05/11/2012;22527_SALE;22527;I;0;0;1060,8424;Poker;;;;;;;;;;;;;;;;
01152SJ   ;28/11/2012;22527_SALE;22527;I;0;0;624,1808;Poker;;;;;;;;;;;;;;;;
01152SJ   ;28/11/2012;22528_SALE;22528;I;0;0;561,7627;Casino;;;;;;;;;;;;;;;;
01152SJ   ;30/11/2012;22528_SALE;22528;I;0;0;1562,0119;Casino;;;;;;;;;;;;;;;;
01152SJ   ;01/12/2012;22527_SALE;22527;I;0;0;5451,3013;Poker;;;;;;;;;;;;;;;;
01152SJ   ;01/12/2012;22528_SALE;22528;I;0;0;3370,3864;Casino;;;;;;;;;;;;;;;;
01152SJ   ;02/12/2012;22528_SALE;22528;I;0;0;1436,9968;Casino;;;;;;;;;;;;;;;;
01152SJ   ;03/12/2012;22528_SALE;22528;I;0;0;3622,2833;Casino;;;;;;;;;;;;;;;;
01152SJ   ;03/12/2012;22527_SALE;22527;I;0;0;3622,2833;Poker;;;;;;;;;;;;;;;;
01152SJ   ;04/12/2012;22527_SALE;22527;I;0;0;905,5709;Poker;;;;;;;;;;;;;;;;
01152SJ   ;04/12/2012;22528_SALE;22528;I;0;0;103,0477;Casino;;;;;;;;;;;;;;;;
01152SJ   ;06/12/2012;22527_SALE;22527;I;0;0;756,3808;Poker;;;;;;;;;;;;;;;;
01152SJ   ;06/12/2012;22528_SALE;22528;I;0;0;400,5465;Casino;;;;;;;;;;;;;;;;
01152SJ   ;07/12/2012;22527_SALE;22527;I;0;0;1181,1464;Poker;;;;;;;;;;;;;;;;
01152SJ   ;07/12/2012;22528_SALE;22528;I;0;0;870,0242;Casino;;;;;;;;;;;;;;;;
01152SJ   ;08/12/2012;22528_SALE;22528;I;0;0;1309,9826;Casino;;;;;;;;;;;;;;;;
01152SJ   ;09/12/2012;22527_SALE;22527;I;0;0;1870,4408;Poker;;;;;;;;;;;;;;;;
01152SJ   ;09/12/2012;22528_SALE;22528;I;0;0;1644,7409;Casino;;;;;;;;;;;;;;;;
01152SJ   ;10/12/2012;22527_SALE;22527;I;0;0;1355,7315;Poker;;;;;;;;;;;;;;;;
01152SJ   ;11/12/2012;22528_SALE;22528;I;0;0;313,2207;Casino;;;;;;;;;;;;;;;;
01152SJ   ;12/12/2012;22527_SALE;22527;I;0;0;1059,388;Poker;;;;;;;;;;;;;;;;
01152SJ   ;17/12/2012;22528_SALE;22528;I;0;0;135,7116;Casino;;;;;;;;;;;;;;;;
01152SJ   ;18/12/2012;22527_SALE;22527;I;0;0;279,4609;Poker;;;;;;;;;;;;;;;;
01152SJ   ;18/12/2012;22528_SALE;22528;I;0;0;137,5665;Casino;;;;;;;;;;;;;;;;
01152SJ   ;26/12/2012;22527_SALE;22527;I;0;0;456,6832;Poker;;;;;;;;;;;;;;;;
01152SJ   ;26/12/2012;22528_SALE;22528;I;0;0;493,5025;Casino;;;;;;;;;;;;;;;;
01152SJ   ;27/12/2012;22527_SALE;22527;I;0;0;1859,4459;Poker;;;;;;;;;;;;;;;;
01152SJ   ;27/12/2012;22528_SALE;22528;I;0;0;806,0617;Casino;;;;;;;;;;;;;;;;
01196ZZ   ;24/09/2012;22522_SALE;22522;I;0;0;25;Vegas;;;;;;;;;;;;;;;;
01196ZZ   ;20/10/2012;22528_SALE;22528;I;0;0;190;Casino;;;;;;;;;;;;;;;;
01196ZZ   ;23/10/2012;22522_SALE;22522;I;0;0;25;Vegas;;;;;;;;;;;;;;;;
01196ZZ   ;24/11/2012;22522_SALE;22522;I;0;0;45;Vegas;;;;;;;;;;;;;;;;
01196ZZ   ;28/11/2012;22528_SALE;22528;I;0;0;375;Casino;;;;;;;;;;;;;;;;
01196ZZ   ;08/12/2012;22522_SALE;22522;I;0;0;25;Vegas;;;;;;;;;;;;;;;;
01196ZZ   ;15/12/2012;22522_SALE;22522;I;0;0;25;Vegas;;;;;;;;;;;;;;;;
01196ZZ   ;19/12/2012;22522_SALE;22522;I;0;0;20;Vegas;;;;;;;;;;;;;;;;
01284UW   ;15/10/2012;274;5;I;0;0;10003,5;Sportsbook;;;;;;;;;;;;;;;;
01284UW   ;05/11/2012;424;17;I;1;0;0;Sportsbook;;;;;;;;;;;;;;;;
01284UW   ;21/12/2012;46;5;I;0;0;103,71;Sportsbook;;;;;;;;;;;;;;;;
01148BP   ;04/10/2012;2;9;I;2;-300;0;Sportsbook;;;;;;;;;;;;;;;;
